ID,Area,Priority,Package Weight (kg)
1,Nasr City,3,6.4
2,Downtown,1,2.5
3,5th Settlement,1,6.8
4,Maadi,1,5.9
5,Garden City,5,1.0
6,5th Settlement,2,6.1
7,5th Settlement,4,7.2
8,Agouza,3,2.3
9,Nasr City,2,8.1
10,Giza,3,7.0
11,Giza,1,1.6
12,Heliopolis,3,1.0
13,Manial,3,8.5
14,Rehab,5,8.1
15,Shubra,1,1.3
16,Manial,3,5.6
17,Zamalek,1,5.8
18,6th of October,1,6.6
19,Heliopolis,4,8.6
20,Helwan,2,2.9
21,Mohandessin,3,3.8
22,Zamalek,5,7.0
23,5th Settlement,2,6.4
24,Shubra,3,1.7
25,5th Settlement,2,9.9
26,Maadi,2,6.9
27,Giza,4,8.2
28,Mohandessin,5,2.8
29,Giza,2,8.8
30,Shubra,4,6.6
31,Downtown,2,1.5
32,5th Settlement,3,7.5
33,Ain Shams,5,7.5
34,Garden City,2,4.1
35,Zamalek,1,5.1
36,Downtown,2,8.6
37,Ain Shams,5,7.9
38,Shubra,5,0.7
39,Sheikh Zayed,3,10.0
40,Nasr City,1,9.7
41,5th Settlement,3,6.8
42,Giza,1,7.7
43,Dokki,4,3.0
44,New Cairo,5,0.1
45,Sheikh Zayed,1,7.6
46,6th of October,5,8.7
47,Downtown,3,6.1
48,5th Settlement,5,7.6
49,Manial,3,9.2
50,Heliopolis,3,4.9
51,6th of October,2,8.8
52,Agouza,1,0.7
53,Madinaty,1,0.9
54,5th Settlement,2,9.8
55,Madinaty,5,1.4
56,Sheikh Zayed,5,1.7
57,Mohandessin,5,4.3
58,Mohandessin,3,7.6
59,Helwan,4,4.1
60,Rehab,1,9.0
61,Zamalek,3,2.6
62,5th Settlement,2,0.3
63,Nasr City,1,5.9
64,Maadi,2,7.1
65,Maadi,3,0.8
66,Garden City,3,0.8
67,Mohandessin,5,6.7
68,Agouza,5,1.4
69,Madinaty,4,4.8
70,Heliopolis,4,2.0
71,Ain Shams,4,3.6
72,Maadi,1,8.7
73,Giza,1,0.7
74,Mohandessin,5,2.6
75,Ain Shams,2,4.5
76,Garden City,1,2.9
77,5th Settlement,1,4.5
78,5th Settlement,1,0.6
79,Garden City,2,9.7
80,Madinaty,2,4.1
81,Maadi,2,8.7
82,Shubra,3,3.9
83,Rehab,3,9.3
84,5th Settlement,4,4.3
85,6th of October,2,1.6
86,Agouza,5,9.7
87,Giza,1,0.7
88,Madinaty,5,0.6
89,Sheikh Zayed,2,9.2
90,Sheikh Zayed,1,0.7
91,Zamalek,5,8.5
92,Garden City,4,0.8
93,Agouza,2,1.3
94,Maadi,5,5.8
95,Agouza,5,0.9
96,New Cairo,2,5.3
97,Giza,2,6.7
98,Downtown,3,2.7
99,Zamalek,1,4.6
100,Agouza,1,4.6
101,Mohandessin,5,0.8
102,Helwan,1,2.7
103,Helwan,3,8.8
104,5th Settlement,3,1.7
105,Sheikh Zayed,1,6.2
106,5th Settlement,3,6.7
107,Heliopolis,2,9.3
108,Heliopolis,5,2.7
109,6th of October,5,1.6
110,Giza,2,2.2
111,New Cairo,5,6.9
112,Maadi,1,4.9
113,New Cairo,1,6.4
114,Downtown,3,0.1
115,Rehab,5,1.7
116,5th Settlement,1,7.1
117,Downtown,5,1.2
118,Helwan,5,0.5
119,Ain Shams,2,5.6
120,Helwan,1,0.5
121,Mohandessin,2,9.0
122,Helwan,5,6.7
123,Ain Shams,5,8.9
124,Garden City,2,7.5
125,Dokki,4,9.8
126,Giza,4,0.3
127,Garden City,3,8.0
128,Heliopolis,4,1.7
129,Madinaty,2,8.7
130,Rehab,3,2.1
131,Garden City,2,3.1
132,Mohandessin,4,0.3
133,Zamalek,3,3.3
134,Sheikh Zayed,4,3.6
135,5th Settlement,3,6.8
136,Heliopolis,3,9.4
137,New Cairo,1,1.9
138,Ain Shams,3,1.2
139,Giza,4,7.3
140,Sheikh Zayed,1,6.1
141,Agouza,2,3.9
142,Ain Shams,1,2.6
143,5th Settlement,2,5.2
144,Zamalek,3,3.7
145,Heliopolis,3,6.3
146,Ain Shams,3,5.1
147,6th of October,5,4.1
148,Ain Shams,4,1.4
149,Dokki,5,6.8
150,Shubra,5,5.7
151,6th of October,3,8.4
152,Agouza,5,2.2
153,Rehab,4,6.6
154,Mohandessin,5,4.5
155,Dokki,1,4.8
156,Manial,3,2.9
157,Garden City,3,1.0
158,Mohandessin,2,2.3
159,Garden City,4,0.3
160,Zamalek,4,6.2
161,Agouza,2,4.2
162,Shubra,4,7.2
163,Downtown,1,4.1
164,Heliopolis,4,8.9
165,Sheikh Zayed,4,2.3
166,Garden City,1,0.6
167,Rehab,5,4.6
168,Manial,3,9.9
169,Rehab,5,9.5
170,Sheikh Zayed,4,8.2
171,5th Settlement,4,8.3
172,Madinaty,4,9.0
173,Garden City,3,2.7
174,Sheikh Zayed,4,7.7
175,New Cairo,4,6.3
176,6th of October,2,0.9
177,Giza,5,2.8
178,Downtown,2,0.9
179,Downtown,2,3.9
180,Ain Shams,3,0.7
181,Ain Shams,1,5.5
182,Ain Shams,4,2.1
183,Agouza,1,9.1
184,Agouza,4,8.6
185,Helwan,3,4.8
186,Ain Shams,5,7.6
187,5th Settlement,5,7.5
188,Madinaty,2,9.0
189,Madinaty,1,2.8
190,Shubra,2,3.9
191,Downtown,5,8.4
192,Shubra,5,5.4
193,Nasr City,1,5.7
194,Downtown,4,6.5
195,New Cairo,4,1.9
196,Rehab,3,3.3
197,Shubra,3,3.4
198,Ain Shams,3,7.5
199,Madinaty,1,8.4
200,Maadi,3,7.5
201,Zamalek,1,2.3
202,Garden City,2,7.6
203,Manial,2,8.4
204,Madinaty,1,2.5
205,Mohandessin,4,5.7
206,Helwan,2,7.0
207,Heliopolis,2,6.1
208,Heliopolis,5,9.7
209,6th of October,5,0.4
210,Shubra,4,6.8
211,Mohandessin,1,9.4
212,Garden City,1,6.0
213,6th of October,5,7.0
214,Agouza,1,8.1
215,Ain Shams,3,3.5
216,Giza,1,0.8
217,Madinaty,1,8.5
218,Helwan,4,4.4
219,Ain Shams,2,7.1
220,New Cairo,5,7.4
221,5th Settlement,4,8.1
222,Agouza,3,4.7
223,Garden City,1,3.3
224,Rehab,2,2.9
225,Agouza,5,7.5
226,Giza,1,6.7
227,Giza,2,5.0
228,Helwan,3,4.9
229,Manial,3,3.5
230,Sheikh Zayed,2,5.6
231,Ain Shams,4,0.9
232,Garden City,4,5.6
233,Madinaty,4,6.5
234,Zamalek,3,8.0
235,Garden City,3,2.3
236,Helwan,4,6.7
237,Helwan,4,5.6
238,5th Settlement,3,10.0
239,Rehab,3,3.6
240,Garden City,1,3.1
241,Giza,1,7.2
242,Dokki,2,7.5
243,Madinaty,3,2.2
244,Sheikh Zayed,5,7.3
245,Heliopolis,2,2.9
246,Helwan,2,3.0
247,5th Settlement,2,3.1
248,Maadi,5,2.8
249,Downtown,4,3.0
250,Nasr City,5,1.1
251,Madinaty,4,2.9
252,Maadi,3,3.5
253,Madinaty,1,9.4
254,Shubra,4,8.2
255,Maadi,2,0.8
256,Agouza,3,1.6
257,Garden City,1,0.9
258,Ain Shams,5,5.6
259,Manial,2,6.0
260,Shubra,4,7.8
261,6th of October,5,9.1
262,6th of October,5,9.9
263,Manial,1,6.2
264,Mohandessin,2,9.5
265,Zamalek,2,2.7
266,5th Settlement,1,2.5
267,Ain Shams,4,1.6
268,Madinaty,3,6.9
269,6th of October,3,0.4
270,Rehab,1,7.1
271,New Cairo,5,6.9
272,Mohandessin,4,6.6
273,Garden City,2,1.2
274,Downtown,1,9.1
275,6th of October,5,0.7
276,Agouza,3,7.5
277,Rehab,3,4.4
278,New Cairo,5,7.0
279,Rehab,1,5.4
280,Ain Shams,3,6.0
281,Nasr City,1,6.1
282,Agouza,5,2.4
283,New Cairo,5,9.5
284,Dokki,4,0.5
285,Rehab,3,5.2
286,Agouza,4,1.9
287,Madinaty,1,6.4
288,Ain Shams,3,4.8
289,Heliopolis,2,3.3
290,Madinaty,3,3.4
291,Shubra,5,6.7
292,Zamalek,3,0.5
293,Heliopolis,4,2.6
294,Nasr City,5,8.7
295,Maadi,2,4.7
296,Manial,4,5.2
297,Maadi,2,6.3
298,Downtown,3,2.7
299,Madinaty,1,4.4
300,Manial,2,0.4
301,6th of October,5,7.1
302,Ain Shams,1,0.2
303,Heliopolis,4,2.3
304,Downtown,4,9.5
305,6th of October,5,9.3
306,Ain Shams,4,7.1
307,Garden City,4,9.8
308,Shubra,2,5.6
309,Sheikh Zayed,2,9.2
310,New Cairo,4,8.7
311,Sheikh Zayed,3,3.5
312,6th of October,3,8.2
313,Agouza,4,8.4
314,Rehab,5,8.7
315,Giza,5,4.9
316,Shubra,4,7.7
317,Mohandessin,2,9.3
318,Garden City,4,5.8
319,Madinaty,4,0.5
320,Downtown,4,3.9
321,Downtown,5,9.7
322,Giza,1,9.7
323,Rehab,1,8.8
324,Rehab,1,5.3
325,Ain Shams,2,7.3
326,New Cairo,3,0.8
327,Shubra,1,6.3
328,5th Settlement,4,8.5
329,Madinaty,5,9.5
330,Zamalek,2,0.5
331,6th of October,2,6.3
332,Ain Shams,1,7.5
333,Heliopolis,4,7.6
334,6th of October,1,1.7
335,Maadi,3,0.6
336,Ain Shams,2,3.6
337,Ain Shams,5,2.5
338,Dokki,2,6.8
339,Manial,4,1.8
340,Garden City,4,6.2
341,Downtown,2,9.1
342,New Cairo,4,4.7
343,Nasr City,4,2.6
344,5th Settlement,2,9.0
345,Helwan,5,0.8
346,Ain Shams,3,3.1
347,6th of October,2,4.6
348,Madinaty,1,10.0
349,Agouza,3,2.4
350,6th of October,1,5.8
351,Shubra,3,9.8
352,Maadi,5,0.2
353,6th of October,2,7.5
354,Helwan,2,6.1
355,Manial,3,6.4
356,Downtown,1,6.8
357,Maadi,3,9.0
358,Maadi,5,7.9
359,Downtown,1,3.7
360,Giza,4,9.1
361,Downtown,5,1.8
362,Helwan,5,8.8
363,New Cairo,2,5.1
364,Madinaty,3,2.6
365,Giza,1,7.5
366,Zamalek,2,4.7
367,Garden City,4,7.6
368,5th Settlement,3,9.7
369,Shubra,1,1.0
370,Heliopolis,4,2.7
371,New Cairo,5,3.7
372,Helwan,1,3.9
373,Madinaty,1,6.8
374,5th Settlement,3,6.2
375,Garden City,1,9.2
376,Rehab,3,6.4
377,Heliopolis,2,6.5
378,Maadi,3,0.5
379,Heliopolis,1,10.0
380,5th Settlement,2,2.4
381,Helwan,5,3.9
382,Downtown,4,4.2
383,Madinaty,5,6.6
384,New Cairo,1,4.1
385,Mohandessin,4,6.9
386,Garden City,3,4.5
387,Helwan,5,1.1
388,Helwan,1,9.0
389,Mohandessin,1,4.0
390,Rehab,1,9.5
391,Manial,1,6.7
392,Giza,2,0.6
393,Agouza,2,9.9
394,5th Settlement,2,0.8
395,Garden City,3,5.9
396,Manial,1,7.8
397,Downtown,2,2.8
398,Dokki,1,5.4
399,Nasr City,2,6.6
400,Garden City,5,0.2
401,Dokki,3,3.3
402,Ain Shams,5,0.6
403,Zamalek,4,1.2
404,Helwan,5,4.5
405,Rehab,5,6.0
406,Manial,1,2.3
407,Sheikh Zayed,3,7.3
408,Nasr City,1,4.6
409,Shubra,4,10.0
410,Madinaty,4,6.9
411,Zamalek,3,0.8
412,Zamalek,2,6.1
413,Agouza,5,2.8
414,Shubra,5,7.2
415,Rehab,5,5.4
416,Heliopolis,1,6.1
417,5th Settlement,2,8.5
418,Garden City,4,4.4
419,Rehab,4,3.5
420,Heliopolis,3,4.2
421,New Cairo,3,4.3
422,Madinaty,1,9.5
423,Zamalek,1,1.0
424,Helwan,2,4.4
425,Agouza,5,5.6
426,Heliopolis,4,5.7
427,Ain Shams,1,3.6
428,Manial,3,9.7
429,Agouza,5,3.6
430,Madinaty,2,2.2
431,Helwan,5,8.5
432,New Cairo,5,3.7
433,Ain Shams,5,2.3
434,Manial,5,9.7
435,5th Settlement,1,6.8
436,New Cairo,1,6.1
437,6th of October,3,1.9
438,Dokki,2,3.6
439,Shubra,1,5.7
440,Nasr City,1,1.5
441,Mohandessin,4,7.5
442,Giza,2,4.3
443,Giza,5,3.8
444,Maadi,2,6.0
445,Manial,1,1.7
446,New Cairo,4,6.8
447,Madinaty,5,6.7
448,New Cairo,2,4.5
449,Heliopolis,3,7.6
450,6th of October,5,4.4
451,6th of October,1,4.9
452,Manial,1,2.3
453,6th of October,2,0.2
454,New Cairo,3,7.7
455,Nasr City,4,3.3
456,Dokki,2,7.5
457,Garden City,5,3.9
458,Helwan,1,5.6
459,Maadi,4,4.0
460,Zamalek,3,0.3
461,Agouza,4,5.8
462,Ain Shams,3,7.1
463,Nasr City,3,1.2
464,Manial,4,1.8
465,Helwan,1,8.3
466,Heliopolis,2,4.4
467,Shubra,5,4.4
468,6th of October,3,0.9
469,Dokki,1,2.3
470,Heliopolis,5,5.2
471,Helwan,3,5.1
472,Downtown,2,7.3
473,New Cairo,2,1.1
474,Downtown,1,1.8
475,Madinaty,4,1.9
476,Agouza,4,7.6
477,Agouza,5,6.8
478,Giza,2,3.3
479,Madinaty,4,4.5
480,New Cairo,5,6.4
481,Sheikh Zayed,1,0.7
482,Rehab,1,3.2
483,6th of October,1,0.7
484,Zamalek,5,6.5
485,Shubra,4,6.0
486,Maadi,4,5.8
487,Agouza,2,9.1
488,Madinaty,5,3.3
489,Maadi,4,1.6
490,Giza,1,1.1
491,Dokki,1,5.1
492,Rehab,4,2.6
493,Manial,2,5.3
494,6th of October,4,3.7
495,Giza,5,4.1
496,Giza,1,0.6
497,5th Settlement,4,3.4
498,Manial,2,2.9
499,Agouza,2,3.4
500,6th of October,4,9.2
501,Zamalek,3,1.4
502,Giza,2,5.6
503,Sheikh Zayed,1,6.7
504,Ain Shams,5,6.5
505,Helwan,3,3.7
506,Mohandessin,3,1.9
507,Madinaty,2,9.5
508,Downtown,2,2.3
509,Heliopolis,5,0.9
510,Sheikh Zayed,1,7.7
511,Manial,2,6.7
512,Downtown,2,6.0
513,Manial,2,1.9
514,Maadi,4,7.2
515,Garden City,4,3.7
516,Rehab,2,6.1
517,6th of October,4,5.4
518,Mohandessin,3,9.0
519,Agouza,4,6.8
520,6th of October,4,4.7
521,Ain Shams,2,5.1
522,Manial,2,8.2
523,Maadi,4,8.7
524,5th Settlement,1,8.8
525,Sheikh Zayed,1,7.1
526,Dokki,3,2.9
527,Sheikh Zayed,2,4.5
528,Zamalek,2,8.3
529,Helwan,1,8.2
530,Shubra,5,4.2
531,Shubra,1,3.8
532,Nasr City,3,3.8
533,Giza,2,9.3
534,6th of October,4,1.5
535,Downtown,4,7.0
536,Nasr City,1,4.5
537,Mohandessin,2,0.3
538,Manial,5,5.5
539,6th of October,2,4.3
540,Maadi,2,3.1
541,Manial,4,4.3
542,Madinaty,5,0.7
543,Sheikh Zayed,5,5.4
544,Downtown,3,2.5
545,Manial,3,4.3
546,Ain Shams,2,2.5
547,Zamalek,5,6.7
548,Zamalek,5,9.7
549,Sheikh Zayed,5,5.5
550,Madinaty,1,0.3
551,Helwan,3,6.4
552,Helwan,1,7.5
553,Heliopolis,5,3.5
554,Giza,2,7.4
555,5th Settlement,3,0.5
556,Dokki,4,8.2
557,Madinaty,2,9.8
558,Zamalek,4,8.1
559,Mohandessin,1,0.5
560,Maadi,3,7.9
561,Sheikh Zayed,4,9.3
562,5th Settlement,4,9.9
563,Mohandessin,3,2.6
564,Maadi,3,3.6
565,Helwan,4,2.8
566,Rehab,4,8.9
567,Dokki,4,3.5
568,Helwan,5,7.0
569,Zamalek,4,2.7
570,Manial,2,0.9
571,Giza,1,5.5
572,6th of October,3,0.9
573,Ain Shams,2,4.5
574,Helwan,4,6.9
575,Helwan,5,0.5
576,New Cairo,1,10.0
577,Shubra,3,0.8
578,Dokki,1,5.2
579,Manial,4,1.5
580,Zamalek,2,0.4
581,Helwan,3,7.8
582,Agouza,1,3.9
583,Rehab,3,6.1
584,Zamalek,5,3.8
585,Helwan,4,1.5
586,New Cairo,2,3.2
587,Nasr City,2,9.6
588,Shubra,5,5.0
589,New Cairo,4,1.3
590,Manial,3,2.2
591,Madinaty,2,7.0
592,Zamalek,4,1.3
593,Rehab,1,1.8
594,Giza,3,8.1
595,5th Settlement,5,7.1
596,6th of October,2,3.0
597,Dokki,3,7.1
598,Heliopolis,2,5.1
599,Garden City,4,7.9
600,5th Settlement,5,0.4
601,5th Settlement,2,3.8
602,Zamalek,1,6.2
603,Madinaty,5,3.2
604,Ain Shams,5,4.2
605,Giza,1,0.8
606,Sheikh Zayed,3,4.6
607,5th Settlement,5,1.4
608,Downtown,4,1.9
609,Maadi,1,5.1
610,6th of October,2,5.2
611,Garden City,3,1.7
612,Sheikh Zayed,3,9.5
613,New Cairo,2,8.5
614,5th Settlement,3,6.4
615,6th of October,5,1.3
616,Sheikh Zayed,2,5.4
617,Agouza,2,6.0
618,Manial,5,1.8
619,Agouza,1,3.4
620,Nasr City,1,8.3
621,Agouza,3,0.6
622,Agouza,4,6.5
623,Nasr City,4,6.2
624,5th Settlement,3,8.9
625,6th of October,4,6.5
626,Shubra,3,2.5
627,Maadi,2,4.6
628,Madinaty,4,4.5
629,Manial,2,2.1
630,Giza,3,3.2
631,Downtown,3,9.8
632,Heliopolis,3,5.2
633,Heliopolis,3,2.5
634,Downtown,1,4.6
635,Shubra,5,0.6
636,Dokki,3,4.2
637,Giza,2,9.3
638,Madinaty,5,7.7
639,6th of October,4,4.7
640,Shubra,5,0.3
641,Garden City,2,4.6
642,Maadi,1,5.9
643,Manial,4,2.9
644,Nasr City,1,2.9
645,New Cairo,3,4.4
646,Helwan,1,7.7
647,Agouza,5,4.1
648,5th Settlement,3,2.0
649,Sheikh Zayed,4,0.8
650,New Cairo,5,7.7
651,Heliopolis,2,6.8
652,Shubra,3,9.8
653,Giza,5,8.0
654,Downtown,2,9.4
655,Shubra,5,6.1
656,Maadi,2,0.5
657,Madinaty,5,7.2
658,Manial,5,4.6
659,Manial,3,1.5
660,Manial,3,1.7
661,Sheikh Zayed,5,6.0
662,Agouza,3,5.4
663,Nasr City,3,4.8
664,Heliopolis,4,3.4
665,Nasr City,5,5.9
666,Agouza,5,4.8
667,Maadi,5,2.4
668,Sheikh Zayed,5,4.9
669,Shubra,2,7.8
670,Garden City,1,8.2
671,Heliopolis,2,5.8
672,Giza,4,0.3
673,Mohandessin,4,1.6
674,Manial,4,5.1
675,Maadi,2,8.7
676,5th Settlement,3,5.2
677,Madinaty,5,10.0
678,Dokki,4,3.8
679,Giza,5,9.1
680,New Cairo,5,3.6
681,Garden City,3,4.9
682,Garden City,3,5.6
683,Mohandessin,4,7.7
684,Helwan,5,3.2
685,New Cairo,3,9.3
686,5th Settlement,4,1.3
687,Shubra,3,9.0
688,Downtown,3,9.6
689,Zamalek,3,0.5
690,New Cairo,4,9.2
691,5th Settlement,3,2.2
692,New Cairo,2,9.3
693,Agouza,2,1.2
694,Sheikh Zayed,2,2.5
695,Maadi,1,6.4
696,Madinaty,1,4.2
697,Downtown,1,6.8
698,Dokki,4,9.6
699,Madinaty,4,6.6
700,6th of October,3,6.5
701,Maadi,1,2.9
702,Garden City,5,6.6
703,Maadi,2,7.4
704,Dokki,1,4.2
705,Shubra,4,10.0
706,6th of October,1,1.9
707,Agouza,5,0.2
708,Giza,3,1.2
709,5th Settlement,5,4.6
710,Downtown,5,5.0
711,Mohandessin,1,4.7
712,Rehab,3,3.4
713,Nasr City,3,7.2
714,Agouza,2,7.9
715,Shubra,4,1.8
716,Zamalek,4,5.2
717,Dokki,2,6.7
718,Garden City,1,4.8
719,Garden City,4,2.7
720,Giza,3,7.6
721,Agouza,1,5.9
722,Helwan,2,2.7
723,Heliopolis,4,0.7
724,Shubra,5,3.1
725,6th of October,1,9.2
726,6th of October,3,6.4
727,Garden City,2,6.2
728,Rehab,5,4.8
729,5th Settlement,4,3.8
730,Mohandessin,2,7.6
731,Manial,1,6.8
732,Sheikh Zayed,3,5.3
733,Agouza,1,0.9
734,5th Settlement,5,0.7
735,5th Settlement,2,2.1
736,Sheikh Zayed,4,1.7
737,Mohandessin,5,1.3
738,Sheikh Zayed,4,4.9
739,Rehab,2,8.1
740,Rehab,5,5.2
741,Rehab,3,0.7
742,Shubra,3,7.3
743,Mohandessin,5,8.2
744,Ain Shams,3,0.8
745,5th Settlement,1,7.0
746,Zamalek,4,9.4
747,Ain Shams,2,0.4
748,Ain Shams,3,7.7
749,Shubra,4,9.9
750,Shubra,4,8.7
751,5th Settlement,2,0.9
752,Helwan,1,6.6
753,5th Settlement,4,1.9
754,Garden City,1,5.3
755,6th of October,4,7.6
756,5th Settlement,4,6.8
757,Garden City,2,5.4
758,Downtown,3,4.7
759,Heliopolis,1,2.0
760,Ain Shams,5,8.1
761,Nasr City,2,7.7
762,Heliopolis,5,2.1
763,Manial,1,0.4
764,Maadi,4,2.5
765,5th Settlement,2,4.4
766,Maadi,2,7.6
767,6th of October,2,5.1
768,Agouza,3,8.2
769,Giza,2,5.8
770,Downtown,5,3.1
771,6th of October,3,2.3
772,Agouza,2,0.7
773,Ain Shams,5,6.3
774,Helwan,4,5.0
775,Giza,4,7.9
776,6th of October,4,4.1
777,5th Settlement,4,1.9
778,Garden City,3,2.5
779,Downtown,4,8.6
780,5th Settlement,4,9.2
781,5th Settlement,5,9.7
782,Garden City,3,1.4
783,Zamalek,4,2.1
784,Zamalek,5,8.5
785,Mohandessin,1,7.3
786,Manial,5,2.8
787,Zamalek,2,0.5
788,Agouza,5,8.1
789,Mohandessin,3,2.2
790,Nasr City,2,3.1
791,Heliopolis,4,9.4
792,Manial,2,9.2
793,Garden City,5,4.0
794,6th of October,4,3.3
795,Helwan,3,4.7
796,Sheikh Zayed,4,2.7
797,Madinaty,3,4.7
798,Helwan,3,9.2
799,Agouza,2,4.2
800,Nasr City,3,7.4
801,Agouza,5,5.6
802,6th of October,2,7.2
803,Garden City,4,2.0
804,Garden City,4,5.7
805,Giza,3,5.6
806,Madinaty,4,7.7
807,Helwan,2,4.7
808,5th Settlement,4,1.5
809,5th Settlement,1,1.9
810,Zamalek,1,5.3
811,Ain Shams,2,7.7
812,Garden City,1,8.4
813,Nasr City,2,7.1
814,Helwan,1,5.1
815,Manial,4,6.2
816,Nasr City,1,6.6
817,Ain Shams,1,5.4
818,New Cairo,5,0.3
819,Nasr City,5,9.8
820,Ain Shams,2,8.2
821,Heliopolis,5,1.2
822,Mohandessin,5,1.6
823,Helwan,3,5.3
824,Zamalek,3,8.0
825,Rehab,5,9.6
826,Garden City,3,2.5
827,Zamalek,1,6.9
828,Shubra,4,1.0
829,Maadi,1,5.6
830,Zamalek,4,7.1
831,Giza,5,8.5
832,Heliopolis,5,9.8
833,Garden City,2,9.2
834,Agouza,4,9.0
835,Zamalek,3,2.8
836,Agouza,1,9.0
837,Giza,1,1.9
838,Agouza,2,9.6
839,Shubra,1,7.5
840,Agouza,2,3.1
841,Shubra,5,5.7
842,Downtown,1,3.4
843,Helwan,1,5.1
844,Garden City,1,1.1
845,Manial,5,3.5
846,Giza,1,4.0
847,Rehab,4,6.4
848,5th Settlement,4,2.4
849,Agouza,4,4.4
850,Manial,3,0.9
851,Zamalek,1,8.0
852,Shubra,2,2.8
853,Giza,3,7.4
854,Nasr City,3,1.2
855,New Cairo,1,4.5
856,Dokki,4,1.4
857,5th Settlement,5,4.5
858,Nasr City,1,4.1
859,Zamalek,5,3.6
860,Giza,4,6.0
861,Ain Shams,4,0.2
862,5th Settlement,2,7.8
863,Dokki,4,5.8
864,New Cairo,3,1.8
865,Downtown,1,2.8
866,New Cairo,4,1.8
867,Zamalek,3,3.1
868,Garden City,4,2.6
869,Mohandessin,4,6.0
870,6th of October,1,1.2
871,Giza,5,9.5
872,Giza,4,3.9
873,Manial,2,3.4
874,Manial,2,3.1
875,Dokki,4,4.8
876,6th of October,4,9.7
877,Garden City,3,9.7
878,Shubra,3,3.8
879,Agouza,2,1.2
880,5th Settlement,2,6.0
881,5th Settlement,1,6.8
882,Rehab,2,9.5
883,6th of October,1,4.4
884,Ain Shams,4,8.2
885,6th of October,2,1.5
886,Downtown,4,2.6
887,Zamalek,4,7.9
888,Madinaty,5,9.9
889,Sheikh Zayed,4,4.1
890,Helwan,5,5.5
891,Zamalek,1,6.0
892,Helwan,2,7.7
893,Maadi,5,6.5
894,Shubra,3,9.8
895,Ain Shams,1,9.7
896,New Cairo,2,0.2
897,Sheikh Zayed,5,5.2
898,Agouza,2,5.8
899,Shubra,4,4.5
900,Agouza,5,7.7
901,Nasr City,4,1.6
902,Ain Shams,1,1.1
903,Downtown,3,1.2
904,Rehab,2,3.2
905,Helwan,4,5.3
906,Rehab,3,1.1
907,Maadi,1,0.8
908,Giza,1,0.3
909,Dokki,2,6.8
910,5th Settlement,2,5.2
911,Ain Shams,4,3.4
912,Shubra,2,2.4
913,Ain Shams,4,1.9
914,Manial,2,0.4
915,Ain Shams,4,4.6
916,Mohandessin,2,0.1
917,Zamalek,5,2.9
918,5th Settlement,2,1.1
919,Mohandessin,4,3.7
920,Madinaty,5,1.2
921,Giza,5,9.7
922,Shubra,5,3.9
923,Helwan,4,1.2
924,6th of October,5,6.2
925,Downtown,3,5.9
926,6th of October,1,1.3
927,Downtown,5,1.9
928,Manial,2,3.9
929,Ain Shams,2,5.8
930,5th Settlement,2,4.9
931,Madinaty,3,5.6
932,Giza,4,1.5
933,Helwan,1,6.2
934,Mohandessin,4,4.9
935,Sheikh Zayed,4,9.6
936,Madinaty,4,4.2
937,Rehab,4,7.1
938,Agouza,1,1.8
939,Garden City,3,8.0
940,Garden City,5,0.4
941,Rehab,5,3.0
942,Madinaty,5,7.5
943,Agouza,1,5.2
944,5th Settlement,3,2.8
945,Maadi,4,5.5
946,Ain Shams,1,5.5
947,Garden City,3,7.4
948,Maadi,4,8.8
949,Zamalek,4,2.7
950,Heliopolis,2,8.7
951,Agouza,3,2.2
952,Manial,4,8.6
953,Downtown,2,1.7
954,Maadi,5,8.2
955,New Cairo,5,3.6
956,Giza,3,5.4
957,New Cairo,5,3.0
958,Heliopolis,2,9.9
959,Ain Shams,1,9.6
960,Downtown,2,9.9
961,Giza,2,2.6
962,Shubra,4,7.6
963,New Cairo,4,1.5
964,Zamalek,1,3.8
965,New Cairo,3,4.1
966,Madinaty,3,4.6
967,Zamalek,4,5.9
968,Helwan,1,6.4
969,Shubra,2,8.0
970,Mohandessin,4,9.7
971,6th of October,3,2.8
972,Downtown,5,5.5
973,Giza,1,8.5
974,Rehab,1,0.6
975,Dokki,4,1.3
976,Ain Shams,2,4.6
977,Downtown,3,10.0
978,New Cairo,1,1.7
979,New Cairo,1,6.6
980,Dokki,1,3.8
981,6th of October,2,4.0
982,Zamalek,1,4.3
983,Madinaty,1,0.1
984,Garden City,5,1.4
985,Nasr City,1,6.8
986,Heliopolis,4,7.0
987,Madinaty,1,7.0
988,Zamalek,1,2.4
989,Helwan,3,1.1
990,Downtown,2,1.5
991,Agouza,1,0.8
992,Dokki,4,6.1
993,Mohandessin,2,3.6
994,Manial,4,9.2
995,Zamalek,1,8.6
996,Heliopolis,5,1.5
997,Helwan,4,7.3
998,Downtown,2,3.2
999,Zamalek,2,2.8
1000,Manial,5,5.6
1001,Nasr City,3,2.9
1002,Manial,5,2.1
1003,Shubra,3,2.0
1004,Garden City,4,6.5
1005,Garden City,4,3.9
1006,Zamalek,5,6.4
1007,Nasr City,3,8.9
1008,Downtown,4,9.3
1009,Agouza,4,8.6
1010,Dokki,4,3.7
1011,Zamalek,1,9.5
1012,Nasr City,3,5.9
1013,Maadi,4,2.2
1014,Sheikh Zayed,4,5.1
1015,Shubra,1,4.3
1016,5th Settlement,5,6.4
1017,Zamalek,3,1.6
1018,Mohandessin,2,0.9
1019,Shubra,5,5.4
1020,Zamalek,3,6.4
1021,Garden City,1,7.0
1022,Ain Shams,1,2.5
1023,Manial,1,4.6
1024,Dokki,1,3.2
1025,Downtown,1,0.2
1026,Helwan,5,1.7
1027,New Cairo,2,5.2
1028,New Cairo,1,3.8
1029,Nasr City,3,7.7
1030,New Cairo,5,8.1
1031,Agouza,1,0.7
1032,Sheikh Zayed,3,5.0
1033,Agouza,2,0.6
1034,New Cairo,1,3.7
1035,Heliopolis,2,9.0
1036,Nasr City,1,7.4
1037,Nasr City,2,8.6
1038,Helwan,4,0.6
1039,Dokki,1,9.2
1040,Ain Shams,2,5.6
1041,Ain Shams,3,3.3
1042,Zamalek,5,2.8
1043,Sheikh Zayed,1,3.8
1044,Sheikh Zayed,1,1.9
1045,Zamalek,4,9.5
1046,6th of October,3,8.7
1047,Rehab,1,1.0
1048,6th of October,5,3.8
1049,Manial,2,7.9
1050,Agouza,4,4.7
1051,Mohandessin,5,10.0
1052,Garden City,2,7.6
1053,Ain Shams,1,0.2
1054,Helwan,1,2.4
1055,Nasr City,4,9.5
1056,6th of October,1,8.5
1057,Garden City,4,2.1
1058,Maadi,2,5.0
1059,Zamalek,1,7.1
1060,Sheikh Zayed,4,9.2
1061,Helwan,4,7.0
1062,Zamalek,5,9.7
1063,Downtown,4,1.0
1064,Agouza,1,0.8
1065,Downtown,2,4.4
1066,Giza,4,3.0
1067,Giza,3,7.0
1068,Garden City,1,4.6
1069,Downtown,5,9.4
1070,Heliopolis,2,1.2
1071,Giza,4,4.6
1072,Helwan,2,1.3
1073,Rehab,3,4.6
1074,Zamalek,2,8.5
1075,6th of October,5,8.1
1076,Giza,2,0.5
1077,Garden City,3,1.0
1078,Maadi,3,4.0
1079,Dokki,1,2.7
1080,Rehab,5,9.5
1081,Garden City,1,7.5
1082,Downtown,1,4.7
1083,Garden City,2,0.2
1084,Shubra,3,2.1
1085,Zamalek,5,6.9
1086,Zamalek,1,5.9
1087,Mohandessin,4,10.0
1088,Zamalek,3,8.1
1089,Rehab,1,1.3
1090,Agouza,4,1.8
1091,Shubra,4,8.2
1092,Ain Shams,2,0.4
1093,Dokki,3,3.6
1094,Downtown,1,2.9
1095,Manial,2,6.2
1096,Madinaty,4,6.5
1097,Madinaty,1,8.8
1098,Shubra,2,1.0
1099,Sheikh Zayed,2,4.3
1100,5th Settlement,1,6.3
1101,Helwan,4,9.9
1102,Madinaty,3,5.5
1103,Sheikh Zayed,3,9.1
1104,Dokki,1,3.9
1105,Garden City,1,3.3
1106,New Cairo,1,9.0
1107,Madinaty,5,8.1
1108,Agouza,2,3.6
1109,Heliopolis,2,9.7
1110,New Cairo,5,6.6
1111,Maadi,2,8.2
1112,Shubra,3,5.8
1113,Dokki,2,9.4
1114,Giza,3,2.4
1115,Nasr City,3,9.1
1116,Agouza,2,9.5
1117,Mohandessin,4,5.7
1118,Dokki,4,5.5
1119,Maadi,2,0.5
1120,Nasr City,5,6.1
1121,Giza,5,4.8
1122,Downtown,3,2.1
1123,Giza,1,7.2
1124,Agouza,2,0.3
1125,Sheikh Zayed,3,7.8
1126,Helwan,4,9.6
1127,Giza,3,5.9
1128,Dokki,4,3.3
1129,Madinaty,3,7.9
1130,5th Settlement,5,1.8
1131,Garden City,5,7.9
1132,Shubra,3,8.2
1133,6th of October,2,7.4
1134,Nasr City,5,1.9
1135,Agouza,1,4.0
1136,Giza,5,1.9
1137,Agouza,1,2.3
1138,Downtown,3,9.4
1139,Garden City,3,7.5
1140,Dokki,1,9.8
1141,Giza,4,8.2
1142,Mohandessin,2,0.2
1143,Helwan,3,7.0
1144,Nasr City,1,7.9
1145,Ain Shams,2,3.9
1146,Madinaty,4,8.9
1147,Shubra,1,3.6
1148,Agouza,2,8.3
1149,Zamalek,1,1.7
1150,Giza,3,3.0
1151,Zamalek,3,9.5
1152,Shubra,2,1.8
1153,5th Settlement,1,7.3
1154,Manial,4,3.4
1155,Ain Shams,2,7.1
1156,Ain Shams,2,6.1
1157,Giza,2,0.6
1158,Ain Shams,5,9.7
1159,5th Settlement,3,7.2
1160,6th of October,2,6.6
1161,Shubra,5,1.0
1162,Madinaty,2,5.5
1163,Nasr City,4,0.6
1164,Manial,4,1.0
1165,Nasr City,2,2.1
1166,6th of October,1,1.8
1167,Heliopolis,3,4.8
1168,Madinaty,4,7.9
1169,New Cairo,1,9.0
1170,Shubra,2,6.5
1171,Shubra,3,3.8
1172,Maadi,3,1.9
1173,New Cairo,2,4.5
1174,Agouza,1,8.4
1175,Heliopolis,1,1.6
1176,5th Settlement,4,6.7
1177,Agouza,2,9.7
1178,Shubra,5,5.6
1179,5th Settlement,4,4.2
1180,Garden City,4,5.8
1181,Shubra,1,3.1
1182,Sheikh Zayed,5,5.1
1183,Manial,2,6.8
1184,Rehab,2,1.3
1185,Dokki,2,9.5
1186,Downtown,1,8.1
1187,Ain Shams,2,4.3
1188,Downtown,5,10.0
1189,Zamalek,1,2.7
1190,Shubra,5,3.9
1191,New Cairo,5,3.3
1192,Nasr City,5,4.6
1193,Ain Shams,1,5.9
1194,Downtown,5,4.2
1195,Heliopolis,1,5.9
1196,Heliopolis,3,5.7
1197,Helwan,4,8.7
1198,Madinaty,5,2.7
1199,Maadi,2,6.1
1200,Downtown,5,2.8
1201,Shubra,1,6.1
1202,Giza,2,4.0
1203,Madinaty,3,0.6
1204,Nasr City,3,9.0
1205,6th of October,3,8.2
1206,Madinaty,1,2.9
1207,Garden City,2,9.7
1208,Rehab,3,3.1
1209,Ain Shams,5,2.8
1210,Mohandessin,4,6.5
1211,Ain Shams,4,2.2
1212,Helwan,1,7.6
1213,Dokki,1,5.2
1214,Sheikh Zayed,4,3.2
1215,Sheikh Zayed,5,1.4
1216,Mohandessin,2,0.4
1217,Garden City,1,8.4
1218,Helwan,2,4.6
1219,Rehab,5,2.8
1220,Heliopolis,1,4.0
1221,Madinaty,5,2.5
1222,Madinaty,5,4.5
1223,Helwan,2,5.6
1224,New Cairo,1,8.4
1225,Shubra,1,2.9
1226,Agouza,2,1.7
1227,Garden City,2,8.6
1228,Ain Shams,5,2.8
1229,Nasr City,4,0.3
1230,Dokki,5,9.1
1231,Garden City,3,8.0
1232,6th of October,3,6.1
1233,Shubra,3,4.3
1234,Mohandessin,4,4.6
1235,Sheikh Zayed,5,3.1
1236,Heliopolis,1,4.0
1237,Helwan,5,5.2
1238,Manial,3,6.5
1239,Heliopolis,4,3.1
1240,New Cairo,3,0.7
1241,New Cairo,3,8.6
1242,Sheikh Zayed,2,2.0
1243,Manial,4,9.0
1244,Downtown,1,6.6
1245,6th of October,3,6.6
1246,Shubra,4,9.1
1247,Agouza,5,7.4
1248,Giza,2,8.2
1249,Madinaty,3,6.9
1250,Dokki,5,5.1
1251,Heliopolis,4,1.9
1252,New Cairo,5,1.4
1253,Dokki,3,7.7
1254,Garden City,3,6.6
1255,6th of October,4,2.3
1256,Giza,3,7.9
1257,6th of October,4,2.7
1258,Madinaty,1,8.5
1259,Agouza,5,8.7
1260,Zamalek,4,9.4
1261,Sheikh Zayed,1,8.9
1262,Shubra,5,8.7
1263,Maadi,2,3.1
1264,Mohandessin,3,1.5
1265,Agouza,4,4.2
1266,Dokki,1,1.5
1267,Dokki,3,4.9
1268,Nasr City,4,6.4
1269,Dokki,5,2.8
1270,Madinaty,1,7.7
1271,Ain Shams,4,1.4
1272,Madinaty,4,4.1
1273,5th Settlement,2,0.1
1274,Nasr City,3,7.3
1275,Sheikh Zayed,2,7.6
1276,Nasr City,2,0.3
1277,Helwan,3,2.3
1278,Shubra,5,1.4
1279,Dokki,1,5.9
1280,6th of October,3,8.3
1281,Sheikh Zayed,5,4.6
1282,Ain Shams,2,5.3
1283,Madinaty,3,3.5
1284,Dokki,4,7.5
1285,Garden City,2,0.3
1286,Nasr City,5,2.2
1287,Heliopolis,3,5.1
1288,Maadi,4,7.1
1289,New Cairo,5,8.8
1290,Manial,1,6.3
1291,Nasr City,1,6.7
1292,Ain Shams,4,6.9
1293,5th Settlement,3,3.9
1294,Downtown,2,4.8
1295,Nasr City,3,7.0
1296,Heliopolis,5,4.3
1297,Manial,2,2.8
1298,Heliopolis,5,4.2
1299,Heliopolis,3,7.2
1300,Heliopolis,4,1.2
1301,Mohandessin,3,2.1
1302,Mohandessin,3,8.3
1303,6th of October,2,7.1
1304,Madinaty,2,0.5
1305,Madinaty,3,6.9
1306,Nasr City,1,2.4
1307,Agouza,4,9.1
1308,Zamalek,5,1.6
1309,Heliopolis,3,0.8
1310,Rehab,3,6.5
1311,Maadi,1,2.7
1312,Maadi,3,8.2
1313,Giza,4,3.7
1314,Heliopolis,1,7.4
1315,Downtown,2,0.2
1316,Rehab,5,3.4
1317,Zamalek,3,2.8
1318,Dokki,1,8.2
1319,Rehab,3,4.1
1320,Madinaty,4,8.4
1321,Dokki,1,6.5
1322,Maadi,2,1.4
1323,Agouza,4,1.1
1324,Rehab,2,8.0
1325,Helwan,5,6.2
1326,Downtown,4,0.4
1327,Heliopolis,4,9.2
1328,Zamalek,3,4.5
1329,Nasr City,5,6.6
1330,Agouza,5,7.7
1331,Giza,5,2.3
1332,Manial,1,5.3
1333,Garden City,4,4.4
1334,Shubra,2,3.5
1335,5th Settlement,5,8.4
1336,Dokki,5,0.6
1337,Madinaty,2,8.5
1338,Madinaty,3,0.8
1339,New Cairo,1,2.5
1340,5th Settlement,4,5.1
1341,Garden City,1,4.1
1342,Agouza,4,4.6
1343,Madinaty,4,1.0
1344,Madinaty,1,3.2
1345,Ain Shams,1,1.1
1346,Nasr City,1,5.6
1347,Manial,3,7.9
1348,5th Settlement,2,8.9
1349,Rehab,3,6.6
1350,Maadi,2,3.7
1351,Giza,5,8.5
1352,Manial,4,7.7
1353,Helwan,4,7.2
1354,Garden City,1,1.2
1355,6th of October,5,3.5
1356,Heliopolis,1,5.3
1357,Madinaty,2,9.0
1358,Ain Shams,1,8.2
1359,Mohandessin,2,2.6
1360,Shubra,2,1.3
1361,Mohandessin,3,4.6
1362,Ain Shams,1,1.2
1363,Agouza,1,9.3
1364,Rehab,4,7.7
1365,Sheikh Zayed,2,6.6
1366,Nasr City,5,9.6
1367,5th Settlement,4,7.4
1368,Madinaty,5,8.4
1369,Dokki,5,7.8
1370,Downtown,1,1.8
1371,Manial,5,3.9
1372,Sheikh Zayed,4,8.8
1373,Manial,2,4.2
1374,Giza,3,2.8
1375,Downtown,2,4.6
1376,Sheikh Zayed,3,4.2
1377,5th Settlement,3,8.4
1378,5th Settlement,2,7.1
1379,Manial,3,2.1
1380,Downtown,2,6.9
1381,Giza,1,5.1
1382,5th Settlement,4,7.6
1383,Ain Shams,5,5.9
1384,Ain Shams,1,2.9
1385,Nasr City,4,5.3
1386,Maadi,2,1.5
1387,Dokki,3,2.7
1388,Downtown,1,6.9
1389,6th of October,2,6.9
1390,Maadi,3,7.6
1391,Heliopolis,5,8.2
1392,5th Settlement,2,8.7
1393,5th Settlement,4,7.4
1394,6th of October,1,2.5
1395,Shubra,4,9.3
1396,Giza,5,9.6
1397,New Cairo,2,0.6
1398,Rehab,2,6.2
1399,Helwan,5,9.1
1400,Manial,2,5.5
1401,Mohandessin,3,7.8
1402,Zamalek,2,4.5
1403,Sheikh Zayed,1,9.6
1404,Ain Shams,3,3.8
1405,Downtown,2,5.6
1406,New Cairo,1,5.9
1407,Downtown,1,3.4
1408,Giza,5,1.6
1409,Manial,3,0.6
1410,Agouza,5,5.0
1411,Giza,5,3.6
1412,Dokki,5,2.3
1413,Sheikh Zayed,2,0.8
1414,5th Settlement,4,4.2
1415,Garden City,2,1.0
1416,Giza,3,6.7
1417,Manial,5,3.0
1418,5th Settlement,1,4.8
1419,Helwan,4,1.2
1420,Manial,5,2.5
1421,Maadi,3,2.5
1422,Heliopolis,4,3.9
1423,6th of October,1,2.6
1424,Helwan,5,9.1
1425,Rehab,4,8.0
1426,Mohandessin,3,0.5
1427,Heliopolis,2,5.2
1428,5th Settlement,5,9.7
1429,Zamalek,2,0.2
1430,Mohandessin,4,6.7
1431,Mohandessin,5,8.4
1432,Ain Shams,1,8.3
1433,Downtown,1,7.5
1434,Giza,1,4.6
1435,Maadi,2,1.0
1436,5th Settlement,1,8.0
1437,Garden City,3,5.8
1438,Rehab,4,4.1
1439,Nasr City,4,4.4
1440,5th Settlement,1,6.8
1441,Manial,1,6.5
1442,Agouza,1,7.6
1443,Zamalek,3,7.0
1444,Heliopolis,3,9.3
1445,6th of October,5,7.9
1446,Rehab,4,1.0
1447,Nasr City,4,4.0
1448,Garden City,2,1.6
1449,5th Settlement,3,7.5
1450,Downtown,3,9.6
1451,Helwan,1,6.8
1452,5th Settlement,2,5.6
1453,Nasr City,5,1.3
1454,5th Settlement,5,6.0
1455,6th of October,2,9.5
1456,Helwan,2,7.5
1457,Sheikh Zayed,2,4.2
1458,Garden City,5,1.7
1459,Mohandessin,1,8.4
1460,Agouza,1,1.9
1461,5th Settlement,4,8.5
1462,Zamalek,3,6.5
1463,New Cairo,1,6.7
1464,Agouza,4,2.1
1465,Helwan,2,9.5
1466,Garden City,1,6.7
1467,Zamalek,2,2.9
1468,Rehab,3,3.2
1469,6th of October,5,6.2
1470,Agouza,3,1.6
1471,Ain Shams,2,8.1
1472,Garden City,2,0.1
1473,Ain Shams,3,7.2
1474,Downtown,3,8.4
1475,Rehab,4,8.8
1476,6th of October,4,3.7
1477,Dokki,5,5.6
1478,New Cairo,2,0.9
1479,Mohandessin,3,8.9
1480,Zamalek,1,7.4
1481,Sheikh Zayed,1,8.9
1482,Agouza,4,8.1
1483,Mohandessin,1,7.7
1484,5th Settlement,5,5.6
1485,Downtown,3,4.8
1486,Agouza,3,4.0
1487,Sheikh Zayed,5,1.4
1488,Helwan,5,1.0
1489,Garden City,5,0.2
1490,Sheikh Zayed,2,6.9
1491,Dokki,5,4.5
1492,Downtown,4,9.5
1493,Maadi,2,9.4
1494,Garden City,1,7.6
1495,Garden City,1,2.7
1496,Sheikh Zayed,3,6.7
1497,Rehab,1,3.9
1498,Giza,1,0.5
1499,Sheikh Zayed,3,7.1
1500,New Cairo,5,8.4
1501,Dokki,4,5.5
1502,Helwan,5,6.6
1503,Zamalek,5,6.6
1504,Garden City,5,2.6
1505,Helwan,4,4.1
1506,Manial,1,7.9
1507,Downtown,4,5.1
1508,Zamalek,5,1.7
1509,Mohandessin,2,6.5
1510,Helwan,5,2.0
1511,Heliopolis,2,7.2
1512,Giza,1,4.2
1513,Madinaty,4,4.9
1514,Dokki,4,2.2
1515,Maadi,2,0.3
1516,Dokki,2,5.8
1517,Maadi,5,6.3
1518,Dokki,3,1.6
1519,Sheikh Zayed,4,9.2
1520,Agouza,1,6.0
1521,6th of October,1,8.8
1522,Manial,4,2.2
1523,Dokki,2,8.7
1524,Manial,2,8.3
1525,Dokki,5,8.0
1526,New Cairo,2,6.6
1527,Giza,4,7.3
1528,Zamalek,2,6.0
1529,Downtown,1,3.8
1530,Sheikh Zayed,5,0.3
1531,Downtown,5,6.9
1532,Madinaty,5,1.1
1533,5th Settlement,5,6.0
1534,Zamalek,4,7.5
1535,Manial,5,6.6
1536,Ain Shams,5,8.3
1537,Maadi,5,4.3
1538,Madinaty,4,4.3
1539,Agouza,1,3.6
1540,New Cairo,4,4.3
1541,Zamalek,3,7.7
1542,5th Settlement,4,6.0
1543,Nasr City,1,2.7
1544,Heliopolis,5,5.8
1545,Mohandessin,3,0.2
1546,Heliopolis,2,4.1
1547,Agouza,3,4.3
1548,5th Settlement,4,2.7
1549,Manial,3,5.7
1550,Shubra,2,9.9
1551,5th Settlement,4,4.2
1552,5th Settlement,5,1.9
1553,6th of October,5,4.9
1554,Shubra,2,3.5
1555,Heliopolis,2,8.6
1556,Dokki,1,4.5
1557,Shubra,3,2.2
1558,Manial,1,8.0
1559,Nasr City,1,1.7
1560,Madinaty,5,8.3
1561,Zamalek,3,4.4
1562,Zamalek,5,2.3
1563,Shubra,4,0.5
1564,Sheikh Zayed,3,6.2
1565,Manial,1,7.1
1566,Dokki,4,9.5
1567,Mohandessin,5,4.4
1568,Maadi,5,2.9
1569,Garden City,5,5.2
1570,Maadi,3,1.8
1571,Nasr City,2,2.5
1572,New Cairo,4,1.0
1573,Shubra,4,3.6
1574,Sheikh Zayed,1,5.9
1575,Zamalek,1,7.4
1576,5th Settlement,5,5.5
1577,New Cairo,2,3.5
1578,Mohandessin,4,6.1
1579,Agouza,1,9.3
1580,Ain Shams,5,2.7
1581,Zamalek,5,1.2
1582,Heliopolis,5,3.0
1583,5th Settlement,5,9.6
1584,Rehab,4,2.6
1585,Garden City,3,5.7
1586,Rehab,4,9.6
1587,Nasr City,4,9.0
1588,Zamalek,4,1.3
1589,Garden City,2,6.4
1590,Ain Shams,3,8.0
1591,Nasr City,3,5.2
1592,Zamalek,4,2.6
1593,Giza,1,6.8
1594,Dokki,4,5.6
1595,Mohandessin,5,3.2
1596,Mohandessin,4,2.8
1597,Garden City,2,7.4
1598,Mohandessin,2,8.7
1599,Garden City,5,2.1
1600,Heliopolis,1,3.6
1601,Madinaty,5,9.2
1602,5th Settlement,1,0.2
1603,Helwan,5,8.5
1604,Agouza,3,3.2
1605,Sheikh Zayed,3,5.0
1606,Agouza,2,4.0
1607,Ain Shams,4,0.6
1608,Maadi,5,9.4
1609,Dokki,4,3.5
1610,Sheikh Zayed,4,9.8
1611,Nasr City,1,3.2
1612,Shubra,5,6.8
1613,Helwan,5,1.1
1614,Dokki,5,8.6
1615,New Cairo,4,2.7
1616,Giza,3,9.6
1617,Ain Shams,2,1.9
1618,Helwan,3,4.2
1619,New Cairo,4,8.6
1620,Downtown,5,1.9
1621,Heliopolis,3,6.9
1622,5th Settlement,4,8.1
1623,Mohandessin,2,8.6
1624,Downtown,4,8.0
1625,Dokki,4,8.1
1626,Sheikh Zayed,5,5.0
1627,Madinaty,3,7.2
1628,Agouza,1,2.6
1629,Dokki,1,4.0
1630,New Cairo,4,2.2
1631,Heliopolis,4,8.4
1632,New Cairo,3,7.5
1633,5th Settlement,3,3.7
1634,Ain Shams,1,3.5
1635,Manial,2,3.6
1636,5th Settlement,2,5.8
1637,6th of October,3,9.8
1638,Sheikh Zayed,4,3.3
1639,Rehab,1,7.8
1640,6th of October,4,3.9
1641,Downtown,2,6.4
1642,Giza,4,6.4
1643,Agouza,4,6.3
1644,Zamalek,1,8.5
1645,Garden City,3,1.7
1646,6th of October,3,3.2
1647,Shubra,3,6.1
1648,Helwan,5,8.9
1649,Rehab,4,5.3
1650,Nasr City,2,1.8
1651,New Cairo,1,7.3
1652,Shubra,1,2.2
1653,Madinaty,5,1.0
1654,Shubra,5,0.6
1655,Zamalek,1,7.7
1656,Downtown,1,2.7
1657,Shubra,3,6.6
1658,6th of October,4,2.4
1659,Downtown,5,6.3
1660,Nasr City,1,8.4
1661,Giza,4,6.7
1662,5th Settlement,3,4.7
1663,Downtown,5,5.5
1664,Manial,4,1.9
1665,Agouza,4,6.3
1666,5th Settlement,3,5.3
1667,Madinaty,5,9.1
1668,Zamalek,4,2.3
1669,Ain Shams,3,3.1
1670,Nasr City,1,1.6
1671,Downtown,3,5.3
1672,5th Settlement,1,2.9
1673,Madinaty,4,6.9
1674,Ain Shams,3,3.1
1675,Nasr City,5,6.0
1676,Ain Shams,5,3.8
1677,Garden City,2,4.4
1678,Shubra,4,7.2
1679,Zamalek,4,2.3
1680,Sheikh Zayed,5,6.3
1681,New Cairo,3,8.1
1682,5th Settlement,3,6.5
1683,Zamalek,2,4.2
1684,Heliopolis,4,1.5
1685,New Cairo,5,6.2
1686,Giza,1,5.0
1687,5th Settlement,1,1.6
1688,Heliopolis,3,1.9
1689,Rehab,1,2.8
1690,Downtown,1,2.4
1691,Giza,4,5.0
1692,Madinaty,3,3.2
1693,Maadi,3,4.7
1694,Downtown,1,0.9
1695,Shubra,1,2.7
1696,Dokki,2,5.5
1697,New Cairo,4,9.0
1698,Heliopolis,2,8.3
1699,Rehab,2,3.9
1700,Maadi,2,7.4
1701,Heliopolis,5,4.7
1702,Mohandessin,4,6.7
1703,6th of October,3,4.0
1704,Maadi,5,1.7
1705,New Cairo,4,5.3
1706,Mohandessin,3,6.4
1707,Mohandessin,1,8.9
1708,Ain Shams,3,2.4
1709,New Cairo,5,0.2
1710,Garden City,1,1.3
1711,Agouza,4,9.7
1712,Downtown,3,6.9
1713,Garden City,2,7.7
1714,Manial,3,5.0
1715,Maadi,1,9.3
1716,Downtown,5,3.6
1717,Downtown,4,7.9
1718,5th Settlement,3,2.4
1719,Rehab,2,8.1
1720,Shubra,3,0.3
1721,New Cairo,1,7.3
1722,Rehab,5,4.9
1723,Madinaty,2,3.0
1724,5th Settlement,3,5.7
1725,Rehab,3,3.3
1726,Manial,5,8.7
1727,Sheikh Zayed,2,1.7
1728,New Cairo,5,4.5
1729,Nasr City,5,3.7
1730,Dokki,1,3.9
1731,Helwan,5,6.2
1732,Zamalek,5,2.5
1733,Mohandessin,5,8.2
1734,5th Settlement,2,6.9
1735,Giza,4,6.2
1736,Heliopolis,1,6.4
1737,Zamalek,1,5.3
1738,Downtown,2,8.4
1739,Mohandessin,1,8.7
1740,Heliopolis,1,4.9
1741,Shubra,4,5.8
1742,Agouza,3,5.3
1743,Garden City,5,0.6
1744,Nasr City,2,7.2
1745,Zamalek,4,6.6
1746,Maadi,3,8.0
1747,Ain Shams,3,5.6
1748,Maadi,5,8.0
1749,Maadi,1,2.7
1750,Zamalek,2,8.4
1751,Heliopolis,1,9.6
1752,5th Settlement,4,7.3
1753,Sheikh Zayed,2,2.0
1754,Dokki,5,5.7
1755,Ain Shams,1,7.5
1756,Agouza,3,7.7
1757,Ain Shams,1,6.8
1758,Dokki,5,1.8
1759,Giza,2,4.1
1760,Manial,4,5.4
1761,Giza,5,9.3
1762,Giza,3,9.9
1763,Ain Shams,3,4.2
1764,Agouza,5,6.1
1765,5th Settlement,3,2.2
1766,Rehab,4,3.7
1767,Nasr City,1,9.6
1768,Manial,1,9.8
1769,6th of October,1,5.2
1770,Garden City,2,3.1
1771,Nasr City,3,8.6
1772,Sheikh Zayed,5,9.2
1773,Agouza,2,5.7
1774,Rehab,3,1.0
1775,New Cairo,3,1.6
1776,Garden City,2,8.9
1777,6th of October,1,2.6
1778,Agouza,2,5.7
1779,Giza,4,7.4
1780,Agouza,1,1.8
1781,6th of October,1,6.0
1782,Agouza,4,7.3
1783,Maadi,3,0.9
1784,Ain Shams,4,3.5
1785,Heliopolis,2,9.3
1786,Manial,1,7.5
1787,Shubra,1,6.4
1788,Maadi,3,3.1
1789,Downtown,3,5.4
1790,Garden City,2,5.1
1791,Shubra,4,0.6
1792,Agouza,5,7.6
1793,Ain Shams,3,1.0
1794,Downtown,2,7.9
1795,Madinaty,5,3.4
1796,5th Settlement,4,7.5
1797,Shubra,5,2.7
1798,Downtown,2,4.4
1799,Mohandessin,4,4.9
1800,Agouza,2,4.0
1801,Sheikh Zayed,2,5.7
1802,New Cairo,4,2.5
1803,Agouza,1,3.3
1804,Ain Shams,4,1.2
1805,Mohandessin,3,3.7
1806,Nasr City,3,3.5
1807,Helwan,5,1.8
1808,Rehab,5,8.2
1809,Maadi,2,1.5
1810,Helwan,2,2.1
1811,Zamalek,1,7.6
1812,Garden City,5,7.4
1813,6th of October,1,9.3
1814,Heliopolis,3,3.5
1815,Nasr City,3,4.6
1816,5th Settlement,2,2.2
1817,Sheikh Zayed,3,2.1
1818,Manial,2,5.5
1819,Nasr City,4,7.0
1820,Sheikh Zayed,1,5.9
1821,Maadi,3,2.6
1822,Manial,3,2.1
1823,Nasr City,1,0.6
1824,New Cairo,3,3.9
1825,Nasr City,3,8.7
1826,Shubra,2,8.7
1827,Sheikh Zayed,1,9.8
1828,Madinaty,5,9.0
1829,Dokki,2,5.4
1830,Rehab,5,5.1
1831,Nasr City,1,9.3
1832,Sheikh Zayed,3,2.5
1833,Shubra,2,3.4
1834,Helwan,3,0.3
1835,Garden City,5,6.3
1836,Maadi,3,2.8
1837,Nasr City,5,8.8
1838,Garden City,2,9.5
1839,Shubra,2,3.5
1840,Shubra,5,1.0
1841,Manial,2,9.6
1842,Agouza,2,4.2
1843,6th of October,5,4.3
1844,5th Settlement,2,3.4
1845,Downtown,5,2.1
1846,Mohandessin,2,5.5
1847,Sheikh Zayed,2,3.2
1848,Downtown,5,4.4
1849,Giza,1,9.2
1850,Heliopolis,2,5.6
1851,Downtown,1,3.2
1852,Ain Shams,4,7.7
1853,New Cairo,2,3.1
1854,Heliopolis,2,7.8
1855,Manial,5,1.9
1856,Agouza,5,2.7
1857,Garden City,2,2.4
1858,Helwan,1,6.9
1859,Madinaty,2,6.9
1860,Manial,4,5.1
1861,Helwan,2,7.1
1862,Madinaty,4,8.5
1863,Mohandessin,2,1.5
1864,Nasr City,3,0.4
1865,Garden City,2,9.5
1866,Zamalek,2,7.6
1867,Rehab,5,9.3
1868,Giza,4,5.0
1869,Ain Shams,4,8.9
1870,Manial,4,7.8
1871,Shubra,5,7.2
1872,Agouza,5,9.4
1873,Maadi,5,5.4
1874,Rehab,1,1.2
1875,Garden City,5,8.8
1876,Maadi,5,5.4
1877,Maadi,2,3.9
1878,Shubra,3,3.0
1879,6th of October,4,7.8
1880,6th of October,5,1.7
1881,Sheikh Zayed,2,9.2
1882,Rehab,1,4.7
1883,Heliopolis,2,7.3
1884,5th Settlement,2,7.8
1885,Giza,4,4.0
1886,Rehab,5,0.3
1887,Mohandessin,4,9.0
1888,Giza,2,1.0
1889,Heliopolis,1,7.2
1890,Rehab,3,1.2
1891,Shubra,5,0.9
1892,Dokki,4,6.2
1893,Maadi,2,5.5
1894,Agouza,2,9.1
1895,Downtown,2,1.7
1896,Maadi,4,7.7
1897,Rehab,3,3.1
1898,Heliopolis,2,6.3
1899,Nasr City,5,9.6
1900,Nasr City,4,7.7
1901,Madinaty,5,5.0
1902,Manial,4,8.1
1903,Agouza,4,2.5
1904,Rehab,1,4.6
1905,Nasr City,2,6.1
1906,New Cairo,5,8.8
1907,Mohandessin,1,6.3
1908,Maadi,3,1.9
1909,Maadi,5,0.5
1910,6th of October,3,8.4
1911,Maadi,1,9.2
1912,Dokki,2,4.2
1913,Manial,5,6.8
1914,5th Settlement,2,5.8
1915,Agouza,3,9.7
1916,Zamalek,3,9.3
1917,Shubra,1,3.3
1918,5th Settlement,1,7.6
1919,Downtown,1,3.0
1920,New Cairo,3,7.0
1921,Sheikh Zayed,2,5.3
1922,Manial,1,7.0
1923,Sheikh Zayed,1,1.2
1924,Manial,3,4.9
1925,Giza,3,4.3
1926,Manial,3,5.3
1927,Manial,5,9.3
1928,Madinaty,4,5.0
1929,Manial,2,8.1
1930,Mohandessin,1,7.1
1931,Rehab,1,1.3
1932,Mohandessin,5,7.4
1933,Ain Shams,1,10.0
1934,5th Settlement,2,3.4
1935,Mohandessin,3,0.2
1936,Zamalek,3,2.6
1937,5th Settlement,3,3.1
1938,Heliopolis,3,7.7
1939,Agouza,5,3.5
1940,Dokki,2,9.6
1941,Giza,4,3.4
1942,Maadi,2,9.2
1943,Rehab,5,4.9
1944,Rehab,4,9.0
1945,Maadi,5,9.3
1946,Giza,5,3.1
1947,Mohandessin,5,5.4
1948,Helwan,1,6.9
1949,New Cairo,1,9.7
1950,Shubra,5,3.5
1951,Agouza,5,8.4
1952,Manial,1,4.0
1953,6th of October,3,8.7
1954,New Cairo,4,7.1
1955,Garden City,3,1.0
1956,6th of October,2,4.6
1957,Dokki,1,5.3
1958,Maadi,2,3.8
1959,Rehab,5,9.1
1960,Madinaty,5,0.3
1961,Giza,4,1.6
1962,Sheikh Zayed,3,7.4
1963,Downtown,1,7.8
1964,Sheikh Zayed,2,8.2
1965,Maadi,4,2.1
1966,Sheikh Zayed,1,3.9
1967,Maadi,5,0.1
1968,Giza,4,8.7
1969,Heliopolis,5,8.9
1970,6th of October,1,7.7
1971,6th of October,2,5.8
1972,Mohandessin,3,3.3
1973,Giza,4,2.8
1974,New Cairo,2,6.7
1975,Heliopolis,1,1.7
1976,5th Settlement,5,9.6
1977,5th Settlement,3,1.1
1978,New Cairo,2,5.5
1979,6th of October,5,9.4
1980,Zamalek,3,2.5
1981,Giza,5,6.2
1982,Downtown,1,4.5
1983,Maadi,1,4.8
1984,Zamalek,4,3.9
1985,Manial,5,4.0
1986,Rehab,5,6.3
1987,Giza,2,3.6
1988,5th Settlement,1,7.2
1989,Rehab,5,9.7
1990,Rehab,1,1.4
1991,Rehab,4,4.6
1992,Garden City,2,2.4
1993,Manial,3,8.6
1994,Shubra,2,9.1
1995,Giza,3,7.0
1996,Nasr City,1,4.6
1997,Helwan,4,4.8
1998,Dokki,3,4.7
1999,Manial,5,7.7
2000,Heliopolis,4,1.4
2001,Heliopolis,3,8.2
2002,Zamalek,3,5.6
2003,Shubra,5,5.4
2004,Manial,2,4.2
2005,Madinaty,4,5.5
2006,Mohandessin,5,0.8
2007,Ain Shams,5,4.4
2008,5th Settlement,2,7.9
2009,Zamalek,5,1.8
2010,Heliopolis,5,8.4
2011,Giza,5,6.0
2012,Rehab,2,1.1
2013,Shubra,1,3.1
2014,Manial,4,6.0
2015,Maadi,1,3.3
2016,Downtown,5,2.3
2017,Nasr City,2,9.0
2018,Rehab,5,6.6
2019,Manial,5,3.0
2020,Mohandessin,3,4.5
2021,6th of October,4,3.1
2022,Helwan,1,7.2
2023,Manial,5,5.9
2024,Downtown,3,4.1
2025,5th Settlement,1,0.7
2026,5th Settlement,3,0.1
2027,6th of October,1,1.2
2028,Agouza,4,2.4
2029,Shubra,4,6.3
2030,5th Settlement,2,3.9
2031,Madinaty,2,6.7
2032,Shubra,3,2.0
2033,Downtown,3,8.4
2034,Downtown,2,10.0
2035,Nasr City,2,0.2
2036,Madinaty,4,7.2
2037,Downtown,1,9.8
2038,Ain Shams,4,1.5
2039,Manial,4,8.9
2040,Rehab,5,6.3
2041,Rehab,4,4.3
2042,Dokki,4,3.6
2043,Agouza,4,6.1
2044,Garden City,5,8.5
2045,5th Settlement,5,2.8
2046,Maadi,5,3.7
2047,Helwan,1,4.9
2048,Zamalek,2,5.8
2049,Sheikh Zayed,3,7.3
2050,Zamalek,5,4.7
2051,Zamalek,2,8.9
2052,Zamalek,5,4.8
2053,6th of October,5,8.0
2054,Giza,5,0.6
2055,Madinaty,4,7.8
2056,Madinaty,5,5.2
2057,Ain Shams,3,7.4
2058,6th of October,3,9.6
2059,Manial,3,1.8
2060,Agouza,3,7.3
2061,Madinaty,5,0.7
2062,Maadi,3,1.8
2063,Manial,1,8.1
2064,Zamalek,2,2.9
2065,New Cairo,3,5.1
2066,New Cairo,3,1.4
2067,Nasr City,1,8.6
2068,Agouza,2,6.1
2069,Helwan,2,6.6
2070,Garden City,4,2.7
2071,Sheikh Zayed,1,1.9
2072,Zamalek,2,3.5
2073,Downtown,4,6.0
2074,Ain Shams,4,7.6
2075,Rehab,2,2.5
2076,Helwan,1,2.2
2077,Heliopolis,1,6.5
2078,Shubra,4,1.8
2079,5th Settlement,2,3.1
2080,Shubra,4,3.9
2081,Sheikh Zayed,4,2.7
2082,Rehab,4,0.2
2083,Sheikh Zayed,1,6.8
2084,5th Settlement,3,1.1
2085,Ain Shams,5,9.6
2086,New Cairo,3,9.2
2087,Heliopolis,3,2.8
2088,Shubra,4,6.6
2089,Garden City,5,7.8
2090,Sheikh Zayed,3,7.7
2091,Dokki,3,6.8
2092,Nasr City,1,5.5
2093,Heliopolis,5,0.2
2094,Rehab,3,1.1
2095,6th of October,3,2.3
2096,Nasr City,5,2.0
2097,Manial,2,1.0
2098,Heliopolis,1,9.5
2099,Manial,2,1.0
2100,Agouza,2,3.8
2101,Dokki,3,9.0
2102,Zamalek,4,3.0
2103,New Cairo,4,9.2
2104,Giza,3,7.0
2105,Zamalek,3,1.7
2106,Shubra,4,7.8
2107,Maadi,3,3.4
2108,New Cairo,2,9.6
2109,Madinaty,2,4.5
2110,Dokki,4,6.1
2111,5th Settlement,4,1.2
2112,Heliopolis,4,2.3
2113,Heliopolis,1,7.2
2114,Agouza,3,0.8
2115,Nasr City,4,7.8
2116,Nasr City,1,1.6
2117,New Cairo,2,6.7
2118,Shubra,5,7.0
2119,Madinaty,4,0.1
2120,Zamalek,5,4.4
2121,Shubra,4,2.3
2122,5th Settlement,3,1.3
2123,6th of October,4,3.4
2124,Zamalek,3,0.6
2125,Giza,1,5.4
2126,6th of October,2,8.4
2127,Maadi,4,1.8
2128,6th of October,4,6.6
2129,Helwan,4,9.0
2130,Rehab,2,0.9
2131,Mohandessin,1,1.5
2132,Agouza,2,7.2
2133,Zamalek,5,4.9
2134,Madinaty,5,6.5
2135,Rehab,1,9.7
2136,Maadi,3,0.5
2137,Maadi,4,7.9
2138,Sheikh Zayed,4,1.3
2139,5th Settlement,2,9.4
2140,Garden City,1,7.4
2141,Downtown,4,0.5
2142,Madinaty,5,6.6
2143,Downtown,1,0.6
2144,Maadi,3,1.8
2145,Heliopolis,4,8.2
2146,Agouza,1,6.2
2147,Heliopolis,1,8.2
2148,Manial,2,5.0
2149,Mohandessin,4,0.7
2150,Shubra,3,3.4
2151,Agouza,5,1.3
2152,Mohandessin,1,1.5
2153,Giza,1,6.0
2154,Downtown,4,1.3
2155,Helwan,5,1.8
2156,Garden City,5,1.7
2157,Heliopolis,5,0.5
2158,Dokki,1,3.8
2159,Zamalek,1,8.8
2160,Zamalek,5,0.2
2161,Ain Shams,4,8.9
2162,Mohandessin,2,7.0
2163,Sheikh Zayed,4,6.4
2164,Dokki,5,4.2
2165,Manial,2,6.9
2166,Manial,1,7.2
2167,6th of October,3,6.3
2168,5th Settlement,2,4.2
2169,Sheikh Zayed,1,2.0
2170,5th Settlement,5,6.2
2171,Mohandessin,3,2.3
2172,Heliopolis,2,0.6
2173,Madinaty,4,6.9
2174,Maadi,1,1.8
2175,6th of October,2,6.5
2176,Giza,5,4.4
2177,Rehab,1,8.1
2178,Maadi,5,1.1
2179,Nasr City,4,1.8
2180,Zamalek,2,5.2
2181,Agouza,5,7.2
2182,Mohandessin,3,3.3
2183,Heliopolis,3,2.4
2184,Garden City,4,2.4
2185,Shubra,2,8.7
2186,Agouza,4,0.8
2187,Ain Shams,2,0.6
2188,Manial,4,2.2
2189,Helwan,2,1.9
2190,Mohandessin,3,4.6
2191,Mohandessin,3,9.8
2192,Agouza,1,1.4
2193,Heliopolis,4,2.9
2194,Dokki,3,4.6
2195,6th of October,5,2.3
2196,Manial,2,1.7
2197,5th Settlement,2,5.8
2198,Sheikh Zayed,4,1.0
2199,Mohandessin,5,8.6
2200,Rehab,3,4.8
2201,Ain Shams,2,0.2
2202,Ain Shams,5,2.6
2203,Agouza,2,2.3
2204,Nasr City,4,9.1
2205,Maadi,4,9.8
2206,Sheikh Zayed,1,7.4
2207,Shubra,4,4.3
2208,Heliopolis,4,8.1
2209,Zamalek,5,5.0
2210,Ain Shams,2,7.6
2211,6th of October,2,1.4
2212,Zamalek,1,6.5
2213,6th of October,2,4.8
2214,Agouza,5,7.1
2215,Rehab,4,0.3
2216,Shubra,2,7.7
2217,Helwan,4,7.9
2218,Nasr City,1,7.1
2219,Giza,5,3.9
2220,Ain Shams,3,0.4
2221,Manial,5,7.0
2222,Mohandessin,1,5.8
2223,Giza,1,6.2
2224,Helwan,1,5.2
2225,Helwan,4,1.2
2226,Helwan,3,6.2
2227,5th Settlement,1,1.8
2228,Mohandessin,2,5.7
2229,Garden City,5,9.8
2230,Madinaty,5,1.2
2231,Mohandessin,2,8.7
2232,New Cairo,5,3.3
2233,New Cairo,1,6.8
2234,Helwan,4,0.7
2235,Sheikh Zayed,1,4.9
2236,5th Settlement,5,4.8
2237,Rehab,5,9.0
2238,Zamalek,2,3.7
2239,Rehab,1,8.9
2240,Dokki,3,0.9
2241,Zamalek,1,9.6
2242,Heliopolis,2,1.7
2243,Mohandessin,5,5.0
2244,Nasr City,3,9.5
2245,5th Settlement,2,4.2
2246,Ain Shams,4,4.8
2247,Nasr City,3,7.4
2248,Nasr City,2,2.0
2249,Sheikh Zayed,3,8.4
2250,Giza,3,4.2
2251,Sheikh Zayed,5,4.9
2252,6th of October,5,4.5
2253,6th of October,2,1.4
2254,Garden City,4,7.9
2255,6th of October,1,3.8
2256,6th of October,4,1.6
2257,Manial,2,9.6
2258,6th of October,2,7.1
2259,Downtown,2,9.7
2260,Maadi,3,2.5
2261,Rehab,3,5.8
2262,Mohandessin,5,3.8
2263,Giza,3,7.1
2264,Rehab,5,1.6
2265,5th Settlement,3,9.8
2266,Nasr City,4,1.3
2267,Downtown,4,9.3
2268,Downtown,1,9.3
2269,5th Settlement,5,9.7
2270,6th of October,4,3.4
2271,Agouza,2,9.0
2272,Rehab,3,8.0
2273,Madinaty,1,6.9
2274,5th Settlement,1,1.5
2275,Shubra,5,3.2
2276,Rehab,3,8.4
2277,Maadi,5,1.0
2278,Agouza,5,6.4
2279,New Cairo,2,2.3
2280,5th Settlement,4,0.3
2281,Zamalek,5,6.8
2282,Madinaty,3,4.0
2283,Sheikh Zayed,1,6.1
2284,Helwan,4,9.1
2285,Ain Shams,3,1.6
2286,Nasr City,3,3.9
2287,6th of October,4,3.5
2288,Zamalek,2,8.8
2289,Rehab,4,7.3
2290,6th of October,2,8.1
2291,Ain Shams,4,8.1
2292,Agouza,5,1.5
2293,Mohandessin,3,1.0
2294,Sheikh Zayed,3,4.8
2295,Agouza,4,0.8
2296,Ain Shams,3,1.0
2297,5th Settlement,4,4.2
2298,Downtown,2,7.1
2299,Shubra,3,1.9
2300,Maadi,3,5.6
2301,6th of October,4,8.4
2302,Rehab,2,5.6
2303,Nasr City,2,0.4
2304,Madinaty,1,2.7
2305,6th of October,4,6.6
2306,Garden City,1,1.9
2307,New Cairo,4,1.3
2308,Zamalek,5,9.9
2309,Agouza,4,7.5
2310,New Cairo,4,5.7
2311,Heliopolis,3,9.7
2312,Agouza,1,5.2
2313,Dokki,5,8.5
2314,Giza,4,0.7
2315,Downtown,3,8.8
2316,New Cairo,3,1.7
2317,Helwan,1,4.3
2318,Sheikh Zayed,1,3.0
2319,Dokki,1,5.2
2320,Dokki,5,6.0
2321,Giza,3,3.3
2322,Helwan,1,2.8
2323,Helwan,2,5.4
2324,Sheikh Zayed,3,0.2
2325,Madinaty,4,3.8
2326,Dokki,1,3.5
2327,Sheikh Zayed,2,2.3
2328,5th Settlement,5,8.3
2329,Sheikh Zayed,5,6.9
2330,Heliopolis,4,7.2
2331,Zamalek,1,4.7
2332,Nasr City,4,8.2
2333,Helwan,2,3.5
2334,Manial,5,8.2
2335,Giza,2,7.7
2336,Nasr City,1,7.1
2337,Downtown,2,2.3
2338,Mohandessin,2,3.1
2339,Ain Shams,1,9.8
2340,Madinaty,4,0.9
2341,Heliopolis,1,0.5
2342,Sheikh Zayed,5,8.0
2343,Heliopolis,3,0.7
2344,6th of October,1,0.5
2345,Heliopolis,5,7.6
2346,Mohandessin,2,2.1
2347,Nasr City,1,6.7
2348,New Cairo,5,1.5
2349,Dokki,5,3.5
2350,Manial,2,7.8
2351,Zamalek,1,5.1
2352,Nasr City,5,8.2
2353,Mohandessin,3,2.2
2354,5th Settlement,1,1.8
2355,Heliopolis,2,9.7
2356,Madinaty,3,9.2
2357,Dokki,4,7.0
2358,Heliopolis,2,6.8
2359,Shubra,4,8.4
2360,Garden City,4,2.2
2361,Giza,1,1.2
2362,Sheikh Zayed,2,4.7
2363,Helwan,3,5.0
2364,Maadi,1,5.6
2365,Heliopolis,4,3.3
2366,Manial,3,2.9
2367,Rehab,2,6.9
2368,6th of October,4,5.6
2369,Zamalek,4,2.0
2370,Helwan,2,9.4
2371,Madinaty,1,0.2
2372,Sheikh Zayed,1,4.0
2373,Shubra,4,1.3
2374,Heliopolis,2,7.0
2375,Mohandessin,3,0.7
2376,Shubra,1,2.1
2377,Ain Shams,4,2.4
2378,Agouza,5,2.9
2379,Shubra,3,2.8
2380,Manial,4,4.8
2381,Sheikh Zayed,3,9.9
2382,Rehab,1,1.6
2383,Madinaty,4,1.3
2384,Downtown,1,2.4
2385,Maadi,1,1.1
2386,Nasr City,2,5.0
2387,Giza,2,3.9
2388,Manial,1,3.1
2389,Sheikh Zayed,4,7.6
2390,Mohandessin,3,7.9
2391,Madinaty,5,6.7
2392,Giza,5,2.7
2393,Maadi,4,5.5
2394,Heliopolis,4,8.8
2395,Shubra,4,4.6
2396,Maadi,2,4.7
2397,6th of October,2,5.6
2398,Downtown,3,5.0
2399,Madinaty,1,7.2
2400,Madinaty,5,5.7
2401,Agouza,4,6.9
2402,Dokki,5,4.8
2403,New Cairo,4,0.7
2404,Shubra,5,6.0
2405,6th of October,3,6.8
2406,Agouza,1,0.7
2407,Helwan,3,1.4
2408,Agouza,1,8.1
2409,Giza,4,7.7
2410,Helwan,3,1.1
2411,Maadi,2,4.2
2412,6th of October,5,2.6
2413,Zamalek,3,0.9
2414,Dokki,1,1.2
2415,Maadi,4,5.4
2416,Ain Shams,5,6.6
2417,Ain Shams,3,5.2
2418,Madinaty,5,0.3
2419,Giza,4,0.3
2420,Giza,5,5.7
2421,Madinaty,1,1.1
2422,Mohandessin,3,6.9
2423,Giza,2,5.0
2424,Helwan,4,6.2
2425,Zamalek,5,2.1
2426,New Cairo,1,2.2
2427,Agouza,4,3.0
2428,Manial,1,8.1
2429,Agouza,1,7.2
2430,New Cairo,1,6.0
2431,Sheikh Zayed,4,5.7
2432,Helwan,1,4.3
2433,6th of October,5,6.6
2434,Ain Shams,5,8.1
2435,Ain Shams,4,3.2
2436,Sheikh Zayed,4,2.6
2437,5th Settlement,2,6.7
2438,Sheikh Zayed,2,8.8
2439,Mohandessin,4,5.8
2440,5th Settlement,5,2.8
2441,Ain Shams,5,8.5
2442,Maadi,5,7.3
2443,Rehab,2,2.1
2444,6th of October,4,2.5
2445,Zamalek,2,4.2
2446,New Cairo,3,8.5
2447,New Cairo,5,6.5
2448,Garden City,1,2.4
2449,Nasr City,2,1.6
2450,6th of October,4,8.0
2451,Ain Shams,4,4.9
2452,Maadi,2,6.5
2453,Downtown,1,1.7
2454,New Cairo,5,2.7
2455,Maadi,4,1.8
2456,Maadi,1,7.8
2457,6th of October,1,3.2
2458,Ain Shams,3,9.0
2459,Zamalek,4,6.7
2460,Downtown,2,9.4
2461,Sheikh Zayed,1,1.2
2462,Agouza,5,5.3
2463,Zamalek,2,2.6
2464,Giza,3,6.0
2465,Shubra,2,8.3
2466,Mohandessin,2,9.4
2467,Mohandessin,3,1.2
2468,New Cairo,5,4.5
2469,5th Settlement,3,0.7
2470,Heliopolis,3,7.0
2471,Madinaty,2,5.5
2472,Downtown,3,9.6
2473,Helwan,3,4.8
2474,Manial,1,0.3
2475,Maadi,2,8.4
2476,Shubra,3,2.6
2477,Helwan,1,6.4
2478,Garden City,4,5.4
2479,Shubra,3,3.9
2480,Garden City,3,3.1
2481,Dokki,4,2.2
2482,Ain Shams,1,6.4
2483,Zamalek,4,2.8
2484,Ain Shams,3,4.8
2485,Heliopolis,2,7.2
2486,Sheikh Zayed,1,7.0
2487,Manial,5,3.6
2488,Rehab,1,7.4
2489,Dokki,4,7.6
2490,Downtown,1,7.9
2491,6th of October,3,4.1
2492,Heliopolis,2,5.8
2493,Downtown,5,2.6
2494,Giza,4,6.9
2495,Downtown,3,4.8
2496,Agouza,3,1.8
2497,Mohandessin,1,8.0
2498,Dokki,4,4.2
2499,Agouza,2,8.8
2500,Nasr City,5,0.3
2501,Garden City,1,6.5
2502,Mohandessin,3,9.7
2503,Dokki,1,7.0
2504,Ain Shams,5,4.1
2505,Zamalek,3,2.7
2506,Agouza,1,1.8
2507,Sheikh Zayed,4,0.2
2508,Rehab,4,7.8
2509,Mohandessin,2,1.3
2510,New Cairo,3,9.5
2511,Shubra,2,7.5
2512,Mohandessin,5,4.4
2513,6th of October,2,2.2
2514,Ain Shams,2,4.2
2515,New Cairo,2,0.4
2516,Garden City,3,6.2
2517,Rehab,1,5.9
2518,Downtown,3,0.2
2519,Shubra,2,9.7
2520,Ain Shams,5,7.2
2521,Heliopolis,5,2.6
2522,Giza,2,0.7
2523,Helwan,5,4.8
2524,Manial,1,9.4
2525,Sheikh Zayed,5,0.2
2526,Shubra,3,3.9
2527,5th Settlement,1,1.4
2528,New Cairo,2,5.8
2529,Giza,4,5.1
2530,Giza,5,1.4
2531,New Cairo,1,4.4
2532,Downtown,4,3.2
2533,New Cairo,3,8.7
2534,6th of October,3,9.3
2535,New Cairo,5,6.2
2536,Dokki,3,3.2
2537,Madinaty,2,7.4
2538,Rehab,1,5.6
2539,Maadi,2,2.0
2540,Madinaty,3,1.9
2541,Rehab,4,1.7
2542,Madinaty,1,1.2
2543,5th Settlement,4,4.5
2544,Heliopolis,2,4.6
2545,Zamalek,2,1.3
2546,Dokki,2,8.7
2547,New Cairo,5,7.5
2548,Agouza,2,8.9
2549,Nasr City,5,5.9
2550,Dokki,4,7.7
2551,Garden City,4,9.2
2552,Giza,1,6.8
2553,Heliopolis,4,2.9
2554,Heliopolis,3,3.8
2555,Zamalek,4,1.6
2556,Madinaty,4,8.3
2557,New Cairo,5,6.3
2558,Giza,1,6.6
2559,Rehab,3,6.6
2560,Agouza,2,9.5
2561,Maadi,3,2.2
2562,Maadi,1,3.3
2563,Manial,4,5.5
2564,New Cairo,2,1.0
2565,Shubra,1,2.5
2566,Mohandessin,2,0.3
2567,Shubra,3,3.9
2568,Downtown,1,6.5
2569,Ain Shams,3,3.1
2570,Manial,2,9.0
2571,Heliopolis,3,3.7
2572,Madinaty,4,5.2
2573,Madinaty,3,8.9
2574,Ain Shams,1,5.7
2575,Helwan,5,7.6
2576,Ain Shams,1,1.9
2577,Giza,4,0.5
2578,Downtown,4,6.8
2579,Sheikh Zayed,1,5.3
2580,Ain Shams,1,3.0
2581,Madinaty,3,9.1
2582,Downtown,3,1.6
2583,Sheikh Zayed,4,8.4
2584,Maadi,5,3.0
2585,Maadi,5,0.9
2586,Ain Shams,4,1.2
2587,Agouza,3,1.0
2588,Agouza,1,3.6
2589,Nasr City,1,7.7
2590,Rehab,2,7.4
2591,Shubra,1,7.9
2592,6th of October,3,0.9
2593,Rehab,4,5.9
2594,New Cairo,3,6.3
2595,Dokki,2,9.7
2596,Manial,3,1.9
2597,Heliopolis,4,8.7
2598,Nasr City,4,5.4
2599,Dokki,4,1.3
2600,Shubra,5,4.7
2601,6th of October,5,7.3
2602,Manial,3,8.2
2603,Shubra,3,6.9
2604,Downtown,1,1.0
2605,Nasr City,2,2.0
2606,Mohandessin,4,8.6
2607,Garden City,4,6.5
2608,5th Settlement,2,8.4
2609,Rehab,2,1.0
2610,Nasr City,1,4.8
2611,Downtown,4,1.7
2612,Madinaty,1,9.6
2613,Agouza,2,8.6
2614,Agouza,4,2.1
2615,Nasr City,1,0.6
2616,Ain Shams,4,6.3
2617,Agouza,5,8.5
2618,6th of October,1,7.3
2619,Madinaty,5,4.9
2620,Manial,4,6.0
2621,Maadi,5,2.4
2622,Agouza,3,0.3
2623,New Cairo,4,5.6
2624,Heliopolis,4,8.9
2625,Helwan,4,6.3
2626,Nasr City,2,7.0
2627,Mohandessin,4,3.0
2628,Garden City,5,3.5
2629,Giza,5,2.3
2630,Rehab,2,8.5
2631,Shubra,4,8.8
2632,Helwan,4,8.3
2633,Dokki,5,8.0
2634,Zamalek,4,2.2
2635,Mohandessin,2,1.4
2636,Heliopolis,4,6.1
2637,Madinaty,3,9.4
2638,5th Settlement,1,2.4
2639,Helwan,3,10.0
2640,Dokki,2,3.6
2641,Sheikh Zayed,1,8.3
2642,Giza,4,8.1
2643,Garden City,1,1.2
2644,Madinaty,3,5.7
2645,Helwan,1,9.9
2646,5th Settlement,3,7.7
2647,Sheikh Zayed,5,9.0
2648,Maadi,4,6.7
2649,Heliopolis,1,8.0
2650,Manial,1,7.8
2651,Maadi,5,8.3
2652,Heliopolis,2,1.1
2653,Dokki,3,9.1
2654,Sheikh Zayed,4,7.1
2655,Heliopolis,2,7.4
2656,Giza,2,6.5
2657,Mohandessin,4,1.3
2658,Nasr City,2,9.7
2659,Madinaty,3,8.4
2660,Dokki,1,2.9
2661,Ain Shams,3,2.7
2662,Garden City,2,6.3
2663,Sheikh Zayed,4,7.6
2664,Downtown,4,7.9
2665,Ain Shams,4,4.2
2666,Sheikh Zayed,3,9.5
2667,Rehab,2,9.4
2668,Sheikh Zayed,1,7.7
2669,Giza,4,0.9
2670,Dokki,4,9.8
2671,Maadi,2,0.7
2672,Maadi,5,9.0
2673,Ain Shams,4,9.7
2674,5th Settlement,3,8.9
2675,Giza,3,7.2
2676,New Cairo,5,0.2
2677,Downtown,4,6.1
2678,Mohandessin,5,4.5
2679,Manial,4,6.3
2680,Shubra,2,7.0
2681,Zamalek,1,8.8
2682,Shubra,2,5.4
2683,5th Settlement,3,5.3
2684,Sheikh Zayed,5,2.2
2685,Giza,2,3.2
2686,5th Settlement,5,0.3
2687,6th of October,4,2.7
2688,Heliopolis,1,9.9
2689,New Cairo,5,8.4
2690,Maadi,1,3.6
2691,Agouza,1,4.5
2692,Garden City,5,4.6
2693,5th Settlement,5,5.7
2694,6th of October,3,2.4
2695,Agouza,2,6.7
2696,Sheikh Zayed,2,7.2
2697,Sheikh Zayed,5,1.1
2698,Helwan,4,2.0
2699,Ain Shams,4,1.1
2700,Maadi,4,0.9
2701,Madinaty,2,8.9
2702,Helwan,5,4.5
2703,5th Settlement,5,4.1
2704,New Cairo,5,7.8
2705,Ain Shams,4,5.0
2706,Madinaty,4,6.9
2707,Downtown,5,8.3
2708,Rehab,2,1.4
2709,Sheikh Zayed,5,9.7
2710,Mohandessin,4,1.3
2711,Dokki,5,4.8
2712,Heliopolis,5,3.8
2713,Heliopolis,1,8.5
2714,6th of October,1,3.8
2715,Heliopolis,3,5.3
2716,Helwan,3,3.1
2717,Nasr City,2,3.0
2718,Agouza,4,1.5
2719,6th of October,3,0.6
2720,Madinaty,1,2.2
2721,Helwan,1,1.3
2722,Ain Shams,4,8.7
2723,Agouza,4,5.8
2724,Shubra,4,9.0
2725,Manial,2,8.4
2726,Sheikh Zayed,4,7.6
2727,Rehab,2,7.6
2728,Giza,1,8.7
2729,Manial,4,8.0
2730,Shubra,3,3.9
2731,Rehab,3,5.5
2732,Dokki,1,6.5
2733,6th of October,5,5.8
2734,5th Settlement,1,6.5
2735,Manial,5,2.0
2736,Maadi,5,5.8
2737,Madinaty,5,5.3
2738,Heliopolis,5,9.0
2739,Nasr City,3,1.9
2740,Garden City,5,7.9
2741,5th Settlement,5,4.5
2742,Agouza,1,3.3
2743,Nasr City,3,5.0
2744,Ain Shams,1,4.4
2745,Giza,4,8.6
2746,Heliopolis,1,2.6
2747,6th of October,2,5.5
2748,Zamalek,2,1.9
2749,Ain Shams,2,3.1
2750,Giza,2,0.7
2751,Maadi,3,0.4
2752,Giza,2,4.0
2753,Giza,3,4.2
2754,Heliopolis,1,3.8
2755,Manial,5,2.1
2756,Sheikh Zayed,5,2.4
2757,Heliopolis,3,3.9
2758,Rehab,5,0.7
2759,Madinaty,1,4.1
2760,Garden City,1,4.1
2761,Agouza,1,2.8
2762,5th Settlement,2,2.5
2763,Ain Shams,4,3.1
2764,Sheikh Zayed,2,0.9
2765,Downtown,3,7.9
2766,Dokki,2,5.5
2767,Ain Shams,5,5.4
2768,Nasr City,4,4.6
2769,Manial,3,9.6
2770,Dokki,1,6.6
2771,Madinaty,3,0.7
2772,Shubra,3,6.0
2773,Mohandessin,5,8.4
2774,6th of October,1,8.4
2775,5th Settlement,5,1.7
2776,Zamalek,4,0.8
2777,Downtown,5,7.0
2778,Ain Shams,2,10.0
2779,Giza,3,6.1
2780,Rehab,3,6.4
2781,Giza,3,2.5
2782,Manial,3,2.2
2783,Downtown,1,0.3
2784,Nasr City,1,6.1
2785,Ain Shams,5,6.8
2786,Madinaty,4,9.0
2787,Zamalek,5,5.4
2788,Rehab,1,0.4
2789,Shubra,5,3.6
2790,Dokki,1,3.6
2791,Helwan,2,1.3
2792,Garden City,1,4.5
2793,Helwan,2,7.6
2794,Manial,3,1.0
2795,Garden City,2,8.1
2796,Helwan,1,9.8
2797,Manial,2,2.9
2798,Shubra,1,0.2
2799,Agouza,5,8.7
2800,5th Settlement,2,5.0
2801,Agouza,5,6.6
2802,Zamalek,5,5.7
2803,Zamalek,2,1.4
2804,Agouza,2,2.7
2805,New Cairo,2,8.8
2806,Nasr City,5,8.5
2807,5th Settlement,4,6.2
2808,Ain Shams,1,0.1
2809,Giza,4,8.6
2810,Ain Shams,3,8.5
2811,Sheikh Zayed,4,1.3
2812,Sheikh Zayed,1,5.0
2813,Garden City,1,8.8
2814,Ain Shams,5,2.9
2815,Nasr City,4,4.5
2816,Zamalek,5,2.0
2817,Garden City,4,8.1
2818,Garden City,2,9.6
2819,6th of October,1,1.7
2820,Heliopolis,1,6.3
2821,Nasr City,5,4.9
2822,Giza,3,8.0
2823,Madinaty,2,2.5
2824,Maadi,3,9.6
2825,Garden City,1,5.2
2826,Manial,4,7.8
2827,Rehab,5,7.7
2828,Maadi,1,1.3
2829,Zamalek,2,3.8
2830,Rehab,1,0.7
2831,Ain Shams,1,3.1
2832,Maadi,5,1.1
2833,Shubra,4,0.6
2834,Ain Shams,2,1.0
2835,Manial,1,8.7
2836,Rehab,4,4.6
2837,Manial,1,8.8
2838,Nasr City,4,3.5
2839,Agouza,2,5.2
2840,Nasr City,5,1.2
2841,Agouza,2,7.2
2842,Downtown,5,9.1
2843,Ain Shams,4,2.6
2844,Rehab,2,7.3
2845,Maadi,1,2.5
2846,Agouza,4,1.4
2847,Helwan,3,5.2
2848,5th Settlement,2,5.9
2849,6th of October,5,1.6
2850,Helwan,1,3.5
2851,Downtown,1,5.2
2852,5th Settlement,1,2.5
2853,Mohandessin,2,4.3
2854,Mohandessin,1,6.4
2855,Madinaty,4,3.5
2856,Giza,5,6.0
2857,Giza,5,5.7
2858,Giza,2,3.1
2859,Maadi,4,1.1
2860,Nasr City,2,2.3
2861,Rehab,5,7.0
2862,Madinaty,3,2.2
2863,Shubra,2,8.1
2864,Nasr City,3,4.1
2865,Helwan,1,0.2
2866,Downtown,3,5.6
2867,Agouza,3,4.5
2868,Nasr City,2,0.5
2869,Dokki,2,2.1
2870,Dokki,3,8.9
2871,Garden City,2,8.5
2872,Dokki,3,2.0
2873,Nasr City,2,9.1
2874,Heliopolis,3,3.9
2875,6th of October,4,9.4
2876,Helwan,2,2.5
2877,Manial,4,9.4
2878,Zamalek,1,8.8
2879,Downtown,2,1.5
2880,Shubra,3,2.0
2881,Ain Shams,2,3.2
2882,Manial,5,9.2
2883,5th Settlement,3,2.0
2884,Giza,2,7.9
2885,New Cairo,2,0.6
2886,Agouza,4,8.5
2887,Zamalek,4,2.2
2888,Manial,1,7.9
2889,Shubra,5,1.8
2890,Sheikh Zayed,4,3.8
2891,Helwan,5,1.9
2892,Madinaty,4,7.0
2893,Shubra,5,2.8
2894,Mohandessin,2,6.5
2895,Rehab,2,9.0
2896,6th of October,4,4.0
2897,Agouza,2,8.9
2898,Helwan,3,9.4
2899,Downtown,1,5.6
2900,Sheikh Zayed,3,3.0
2901,Maadi,4,2.4
2902,Giza,4,5.2
2903,Ain Shams,4,4.6
2904,Madinaty,3,3.7
2905,Nasr City,2,2.8
2906,New Cairo,1,4.5
2907,Zamalek,3,3.7
2908,Sheikh Zayed,5,8.4
2909,New Cairo,2,6.5
2910,Zamalek,3,1.1
2911,Mohandessin,3,0.5
2912,Giza,3,2.0
2913,New Cairo,2,3.1
2914,Downtown,5,7.1
2915,Nasr City,3,9.1
2916,Helwan,4,2.9
2917,Agouza,1,9.5
2918,Sheikh Zayed,2,4.8
2919,Garden City,2,8.7
2920,Mohandessin,4,7.3
2921,Agouza,5,2.4
2922,Rehab,3,7.6
2923,Giza,2,7.9
2924,Ain Shams,2,4.3
2925,5th Settlement,1,4.4
2926,Agouza,2,3.8
2927,Nasr City,4,3.1
2928,Helwan,3,8.1
2929,Ain Shams,4,2.3
2930,5th Settlement,3,7.7
2931,Nasr City,5,3.3
2932,Downtown,2,7.9
2933,Giza,5,9.8
2934,Manial,5,6.3
2935,Shubra,4,5.8
2936,Shubra,1,2.1
2937,Mohandessin,4,5.4
2938,Agouza,4,1.2
2939,6th of October,1,6.4
2940,5th Settlement,2,1.8
2941,Manial,4,0.4
2942,Mohandessin,1,0.4
2943,Shubra,3,9.1
2944,6th of October,5,2.1
2945,Maadi,3,0.8
2946,Dokki,3,5.2
2947,Ain Shams,4,8.6
2948,Heliopolis,2,1.7
2949,Madinaty,1,5.4
2950,Mohandessin,2,4.0
2951,6th of October,4,8.7
2952,Madinaty,2,8.2
2953,6th of October,5,6.1
2954,Rehab,3,2.1
2955,Downtown,4,2.1
2956,Shubra,5,0.7
2957,Sheikh Zayed,3,8.1
2958,Madinaty,4,9.1
2959,Maadi,1,4.7
2960,Rehab,3,3.0
2961,6th of October,4,7.0
2962,Dokki,4,6.2
2963,Manial,4,2.6
2964,Dokki,5,4.6
2965,Maadi,2,1.0
2966,Dokki,3,8.9
2967,5th Settlement,3,8.8
2968,Zamalek,2,6.7
2969,Ain Shams,5,9.1
2970,Helwan,1,1.3
2971,Sheikh Zayed,3,7.6
2972,Dokki,3,4.2
2973,Maadi,4,2.2
2974,Rehab,4,0.4
2975,Shubra,2,3.5
2976,Nasr City,3,4.0
2977,Downtown,3,1.2
2978,Rehab,4,6.7
2979,Zamalek,5,4.7
2980,Rehab,2,6.6
2981,New Cairo,2,4.8
2982,Nasr City,5,1.8
2983,6th of October,1,1.1
2984,Shubra,2,5.4
2985,Nasr City,3,0.9
2986,Helwan,2,1.6
2987,Maadi,5,2.2
2988,Maadi,5,2.2
2989,Heliopolis,4,6.4
2990,Rehab,1,6.9
2991,Maadi,4,6.0
2992,Garden City,3,7.7
2993,Mohandessin,1,9.1
2994,Nasr City,1,0.3
2995,Mohandessin,1,3.4
2996,Heliopolis,2,2.3
2997,Maadi,4,7.3
2998,Giza,3,5.2
2999,Mohandessin,5,5.7
3000,5th Settlement,4,2.2
3001,Heliopolis,2,9.4
3002,Helwan,3,2.2
3003,Shubra,3,1.8
3004,Mohandessin,4,0.2
3005,New Cairo,5,2.3
3006,Zamalek,2,3.8
3007,Manial,4,4.2
3008,Heliopolis,5,9.8
3009,Agouza,2,7.9
3010,Heliopolis,5,2.6
3011,Shubra,2,3.3
3012,Giza,4,3.4
3013,Nasr City,5,0.8
3014,Rehab,4,9.1
3015,Garden City,5,5.2
3016,Nasr City,2,5.9
3017,Heliopolis,3,0.3
3018,Ain Shams,2,2.4
3019,Maadi,2,6.2
3020,6th of October,2,3.8
3021,Mohandessin,1,1.6
3022,Manial,4,2.5
3023,Giza,2,7.4
3024,Maadi,5,2.9
3025,Ain Shams,3,7.9
3026,Garden City,3,7.5
3027,Mohandessin,5,3.5
3028,Garden City,2,0.6
3029,Shubra,5,6.1
3030,Rehab,1,3.3
3031,Madinaty,1,0.7
3032,Maadi,2,9.5
3033,Downtown,1,9.4
3034,5th Settlement,2,1.8
3035,Zamalek,4,2.4
3036,6th of October,2,7.3
3037,Garden City,4,7.2
3038,Garden City,3,1.8
3039,Rehab,2,2.9
3040,Madinaty,1,2.8
3041,Helwan,4,9.5
3042,Madinaty,4,3.8
3043,Manial,4,4.3
3044,Madinaty,1,7.6
3045,Ain Shams,1,7.6
3046,6th of October,5,7.6
3047,5th Settlement,2,5.4
3048,Rehab,3,2.6
3049,Shubra,5,4.6
3050,Zamalek,3,6.1
3051,Madinaty,2,1.5
3052,Mohandessin,1,1.6
3053,Sheikh Zayed,3,0.2
3054,Ain Shams,4,5.0
3055,Helwan,4,9.7
3056,Agouza,1,4.9
3057,Maadi,1,4.1
3058,Agouza,2,3.9
3059,Ain Shams,3,2.0
3060,Helwan,5,7.7
3061,Helwan,1,7.1
3062,Ain Shams,2,6.5
3063,Maadi,3,2.5
3064,Nasr City,2,6.3
3065,Rehab,2,2.7
3066,Manial,5,2.6
3067,Dokki,1,9.5
3068,Zamalek,4,1.3
3069,Agouza,1,4.0
3070,Mohandessin,4,5.2
3071,Ain Shams,3,1.7
3072,Sheikh Zayed,5,6.9
3073,Shubra,5,6.6
3074,Ain Shams,1,3.1
3075,Agouza,3,1.2
3076,New Cairo,2,8.2
3077,Shubra,3,9.3
3078,Dokki,4,0.2
3079,Zamalek,4,0.1
3080,6th of October,4,5.3
3081,Helwan,2,1.8
3082,Mohandessin,4,7.1
3083,Heliopolis,4,1.9
3084,Mohandessin,2,5.7
3085,Dokki,2,2.1
3086,Ain Shams,4,2.7
3087,Manial,1,6.3
3088,Dokki,1,8.7
3089,Shubra,1,3.0
3090,Giza,1,2.8
3091,Madinaty,4,5.9
3092,Heliopolis,1,6.8
3093,Nasr City,5,0.7
3094,Maadi,1,7.9
3095,Nasr City,4,2.2
3096,New Cairo,4,6.1
3097,Giza,5,4.8
3098,Helwan,3,4.4
3099,Garden City,3,10.0
3100,Shubra,5,6.7
3101,Helwan,3,0.7
3102,Nasr City,4,8.1
3103,Shubra,2,8.7
3104,Heliopolis,5,0.4
3105,Garden City,3,2.9
3106,Madinaty,5,4.6
3107,Mohandessin,1,4.2
3108,Giza,1,9.9
3109,Maadi,3,6.4
3110,Garden City,5,6.8
3111,Manial,1,4.9
3112,Madinaty,1,3.5
3113,6th of October,5,7.4
3114,Downtown,5,2.0
3115,Sheikh Zayed,1,8.8
3116,Zamalek,3,1.4
3117,5th Settlement,4,8.3
3118,Rehab,1,1.8
3119,5th Settlement,2,4.9
3120,Dokki,1,2.5
3121,Nasr City,2,1.1
3122,Giza,4,9.3
3123,Garden City,3,7.7
3124,Heliopolis,2,6.7
3125,Madinaty,1,9.2
3126,Giza,2,8.0
3127,Manial,1,9.3
3128,Shubra,4,6.5
3129,5th Settlement,4,6.6
3130,Garden City,3,8.1
3131,Zamalek,1,1.2
3132,Agouza,2,1.0
3133,Heliopolis,5,7.5
3134,Giza,4,3.7
3135,Nasr City,3,5.8
3136,5th Settlement,2,0.7
3137,Ain Shams,3,8.5
3138,Downtown,5,7.7
3139,Agouza,2,6.7
3140,Nasr City,5,1.2
3141,Giza,2,8.5
3142,6th of October,2,8.2
3143,Rehab,2,5.0
3144,Downtown,1,6.1
3145,6th of October,5,6.0
3146,Heliopolis,3,9.9
3147,Agouza,4,10.0
3148,Mohandessin,4,6.3
3149,Shubra,1,3.0
3150,Giza,2,9.8
3151,Mohandessin,2,8.3
3152,Maadi,2,7.0
3153,Shubra,3,8.6
3154,Dokki,1,9.8
3155,Giza,4,5.5
3156,Helwan,4,6.8
3157,Sheikh Zayed,3,4.0
3158,Mohandessin,5,2.9
3159,Downtown,3,4.0
3160,Agouza,1,7.5
3161,6th of October,4,8.5
3162,Agouza,2,6.6
3163,Madinaty,3,4.5
3164,Mohandessin,2,9.0
3165,Mohandessin,1,8.1
3166,Agouza,1,3.7
3167,Downtown,4,6.8
3168,Ain Shams,2,9.5
3169,Heliopolis,3,9.3
3170,Dokki,1,9.7
3171,Sheikh Zayed,3,1.3
3172,Downtown,4,6.0
3173,Heliopolis,2,2.5
3174,6th of October,5,4.0
3175,Shubra,1,9.6
3176,Shubra,3,7.8
3177,Rehab,3,6.4
3178,Heliopolis,1,0.2
3179,Sheikh Zayed,2,1.3
3180,Agouza,5,0.3
3181,Heliopolis,5,4.8
3182,Madinaty,4,1.9
3183,Downtown,1,3.1
3184,5th Settlement,2,3.3
3185,Nasr City,4,4.1
3186,5th Settlement,5,5.6
3187,Sheikh Zayed,5,4.9
3188,Heliopolis,2,5.4
3189,Heliopolis,2,9.7
3190,Dokki,1,8.6
3191,Giza,1,5.6
3192,Agouza,2,0.5
3193,Zamalek,5,6.6
3194,Maadi,1,2.6
3195,Sheikh Zayed,3,9.8
3196,5th Settlement,2,3.7
3197,Nasr City,2,4.3
3198,Sheikh Zayed,3,3.1
3199,Rehab,2,6.6
3200,Giza,5,5.8
3201,Helwan,5,9.1
3202,Mohandessin,1,5.4
3203,Maadi,2,6.7
3204,Downtown,3,0.5
3205,Mohandessin,2,8.6
3206,Mohandessin,5,6.1
3207,Downtown,5,3.7
3208,5th Settlement,3,4.3
3209,Dokki,4,2.7
3210,New Cairo,4,4.6
3211,Downtown,5,9.4
3212,New Cairo,2,2.1
3213,Agouza,5,7.2
3214,Ain Shams,2,6.1
3215,Ain Shams,4,3.2
3216,Manial,2,0.4
3217,Heliopolis,5,0.9
3218,5th Settlement,4,1.2
3219,Zamalek,3,0.8
3220,New Cairo,2,9.1
3221,Garden City,3,8.7
3222,Shubra,2,0.2
3223,Heliopolis,1,3.8
3224,6th of October,5,1.8
3225,Madinaty,1,8.2
3226,Agouza,3,5.3
3227,Manial,1,5.6
3228,Dokki,3,9.0
3229,Shubra,2,9.5
3230,5th Settlement,5,3.5
3231,Shubra,4,6.0
3232,New Cairo,1,6.0
3233,Downtown,2,6.9
3234,Agouza,3,1.5
3235,Helwan,2,0.6
3236,Ain Shams,4,6.8
3237,Helwan,4,1.9
3238,New Cairo,4,5.1
3239,Garden City,3,5.3
3240,Zamalek,3,6.4
3241,Giza,1,4.1
3242,Zamalek,2,6.4
3243,Dokki,5,9.5
3244,6th of October,5,0.7
3245,Nasr City,4,9.3
3246,Downtown,4,6.8
3247,5th Settlement,1,5.0
3248,Manial,2,4.1
3249,Nasr City,4,9.1
3250,Helwan,2,7.1
3251,Sheikh Zayed,5,9.9
3252,Rehab,2,0.5
3253,Sheikh Zayed,2,6.8
3254,Helwan,2,1.8
3255,Maadi,4,5.2
3256,Dokki,3,5.0
3257,Giza,2,9.7
3258,Heliopolis,3,8.3
3259,6th of October,3,3.1
3260,Agouza,4,2.2
3261,6th of October,5,2.3
3262,Maadi,4,8.3
3263,Madinaty,1,8.9
3264,Manial,4,3.6
3265,Helwan,1,3.4
3266,Dokki,4,0.2
3267,Heliopolis,4,3.6
3268,Zamalek,5,5.0
3269,Downtown,4,5.2
3270,Madinaty,1,1.3
3271,New Cairo,2,1.6
3272,Helwan,3,4.8
3273,Dokki,5,3.7
3274,Heliopolis,4,8.1
3275,Rehab,2,6.6
3276,Ain Shams,1,1.5
3277,Mohandessin,1,3.7
3278,Maadi,2,2.0
3279,Giza,1,4.0
3280,Mohandessin,4,1.7
3281,New Cairo,1,9.6
3282,5th Settlement,4,4.3
3283,Downtown,3,8.0
3284,Shubra,5,7.5
3285,Shubra,2,7.3
3286,Heliopolis,1,1.2
3287,Helwan,5,1.3
3288,Garden City,1,0.2
3289,Giza,4,6.8
3290,Nasr City,4,9.8
3291,6th of October,4,4.9
3292,Ain Shams,2,0.9
3293,Sheikh Zayed,2,6.2
3294,Heliopolis,3,2.6
3295,Garden City,4,9.9
3296,Heliopolis,5,2.1
3297,Mohandessin,5,6.1
3298,Downtown,2,6.3
3299,Shubra,1,1.3
3300,Mohandessin,2,2.8
3301,Manial,2,4.3
3302,Maadi,4,1.0
3303,6th of October,2,4.1
3304,Ain Shams,4,2.3
3305,Ain Shams,1,0.7
3306,New Cairo,3,3.1
3307,Helwan,4,2.9
3308,Maadi,2,2.5
3309,Maadi,3,0.5
3310,Madinaty,3,2.2
3311,Heliopolis,4,9.1
3312,Madinaty,3,1.9
3313,Heliopolis,1,3.4
3314,5th Settlement,2,6.7
3315,Helwan,5,3.4
3316,Helwan,2,5.3
3317,Mohandessin,5,6.5
3318,Heliopolis,2,3.9
3319,Manial,1,6.3
3320,Mohandessin,2,0.5
3321,Heliopolis,1,7.1
3322,Manial,3,9.4
3323,Madinaty,2,3.1
3324,Downtown,1,5.4
3325,Ain Shams,5,1.4
3326,5th Settlement,3,7.1
3327,Rehab,1,9.0
3328,Zamalek,4,9.1
3329,Sheikh Zayed,1,4.2
3330,New Cairo,2,1.8
3331,Agouza,1,3.0
3332,Mohandessin,4,8.0
3333,5th Settlement,5,5.0
3334,Dokki,4,9.7
3335,Shubra,5,7.5
3336,Shubra,5,7.8
3337,Dokki,1,2.8
3338,Mohandessin,5,1.7
3339,Sheikh Zayed,4,7.0
3340,Sheikh Zayed,3,5.1
3341,Garden City,3,3.1
3342,5th Settlement,1,7.1
3343,Maadi,5,1.8
3344,Maadi,2,2.5
3345,New Cairo,2,9.4
3346,Maadi,2,2.8
3347,Mohandessin,5,9.9
3348,Helwan,5,1.3
3349,Giza,1,9.7
3350,5th Settlement,3,9.5
3351,Ain Shams,5,7.2
3352,Maadi,1,3.0
3353,Garden City,3,8.3
3354,Nasr City,5,1.8
3355,Agouza,1,6.6
3356,Shubra,3,7.3
3357,Manial,5,8.7
3358,Rehab,2,2.1
3359,Mohandessin,5,3.3
3360,Shubra,2,6.3
3361,Ain Shams,3,4.5
3362,Madinaty,1,1.6
3363,Rehab,2,5.0
3364,Dokki,2,8.2
3365,Dokki,3,5.7
3366,Dokki,2,0.3
3367,Manial,2,8.2
3368,Zamalek,4,0.8
3369,Shubra,1,2.5
3370,Downtown,1,7.3
3371,Shubra,4,6.1
3372,Nasr City,1,0.3
3373,Zamalek,3,1.4
3374,Manial,1,1.5
3375,Nasr City,1,7.9
3376,Giza,1,5.5
3377,Madinaty,5,2.1
3378,Dokki,3,8.9
3379,Downtown,2,3.4
3380,New Cairo,5,0.7
3381,Maadi,1,1.3
3382,Heliopolis,5,5.5
3383,Ain Shams,2,8.9
3384,Garden City,1,0.1
3385,Shubra,2,2.3
3386,6th of October,2,3.6
3387,Shubra,1,9.2
3388,Heliopolis,2,5.0
3389,6th of October,3,1.1
3390,Giza,1,0.9
3391,Zamalek,1,3.7
3392,Dokki,4,6.1
3393,Manial,2,5.4
3394,Downtown,3,6.8
3395,6th of October,3,6.3
3396,New Cairo,4,8.8
3397,New Cairo,1,6.7
3398,Downtown,2,7.9
3399,Shubra,4,3.3
3400,Madinaty,1,7.2
3401,Ain Shams,3,1.2
3402,Giza,2,1.5
3403,Shubra,3,1.9
3404,Ain Shams,4,3.3
3405,Ain Shams,5,7.0
3406,Giza,2,8.0
3407,Garden City,4,8.0
3408,Madinaty,5,4.2
3409,5th Settlement,5,5.4
3410,Shubra,1,8.2
3411,Ain Shams,5,5.9
3412,Garden City,1,5.8
3413,Nasr City,2,2.4
3414,Nasr City,3,9.9
3415,Downtown,1,5.6
3416,Helwan,3,0.7
3417,Downtown,3,8.5
3418,5th Settlement,4,4.7
3419,Garden City,1,2.5
3420,Heliopolis,2,7.5
3421,Nasr City,4,3.8
3422,Heliopolis,5,3.8
3423,Manial,2,0.8
3424,Helwan,2,0.4
3425,Zamalek,1,0.9
3426,Ain Shams,2,5.7
3427,Madinaty,2,7.7
3428,6th of October,4,7.5
3429,Giza,4,4.2
3430,Nasr City,3,7.8
3431,Maadi,1,1.2
3432,Dokki,5,6.1
3433,Shubra,4,1.7
3434,Rehab,5,6.8
3435,New Cairo,5,7.1
3436,Garden City,4,5.1
3437,New Cairo,1,9.3
3438,Downtown,2,5.3
3439,Maadi,2,4.1
3440,5th Settlement,5,4.0
3441,Rehab,4,8.4
3442,Shubra,4,3.2
3443,Helwan,4,1.7
3444,Heliopolis,1,2.0
3445,Manial,3,0.9
3446,6th of October,2,0.4
3447,Zamalek,2,5.5
3448,6th of October,2,6.0
3449,Maadi,2,5.6
3450,Agouza,5,2.8
3451,Madinaty,1,0.5
3452,Zamalek,3,0.6
3453,Helwan,3,0.2
3454,Sheikh Zayed,2,9.6
3455,Shubra,3,3.2
3456,Heliopolis,3,9.7
3457,Sheikh Zayed,1,4.1
3458,Downtown,1,5.1
3459,Shubra,4,5.9
3460,Maadi,3,5.9
3461,Rehab,1,1.7
3462,Zamalek,2,8.9
3463,Downtown,2,8.9
3464,Sheikh Zayed,5,9.9
3465,Manial,5,9.9
3466,Giza,4,9.3
3467,Giza,3,7.9
3468,Ain Shams,1,3.7
3469,Shubra,2,8.9
3470,Manial,5,2.2
3471,Downtown,5,0.8
3472,Madinaty,1,6.3
3473,Downtown,3,8.1
3474,Zamalek,4,5.5
3475,Giza,2,1.0
3476,Dokki,1,9.3
3477,Helwan,3,2.9
3478,Dokki,4,1.0
3479,Madinaty,3,2.7
3480,Rehab,2,7.7
3481,Agouza,4,9.4
3482,6th of October,4,0.5
3483,Manial,2,4.1
3484,Sheikh Zayed,5,4.5
3485,Helwan,1,9.5
3486,Sheikh Zayed,4,6.9
3487,Maadi,5,2.7
3488,Maadi,2,9.8
3489,5th Settlement,1,7.0
3490,Heliopolis,3,1.6
3491,Agouza,4,3.8
3492,Garden City,4,8.6
3493,Zamalek,3,8.8
3494,5th Settlement,4,4.7
3495,Dokki,1,1.2
3496,Shubra,4,9.2
3497,Giza,1,2.1
3498,Manial,4,3.2
3499,Madinaty,1,2.2
3500,Maadi,5,2.9
3501,Madinaty,2,1.6
3502,Giza,5,6.4
3503,Manial,4,0.4
3504,Helwan,4,0.7
3505,Mohandessin,1,9.8
3506,Nasr City,4,2.2
3507,Dokki,1,2.8
3508,New Cairo,4,1.5
3509,Rehab,4,0.9
3510,New Cairo,2,5.3
3511,Zamalek,4,8.3
3512,6th of October,2,3.5
3513,Ain Shams,4,2.1
3514,Dokki,4,4.8
3515,Agouza,4,3.6
3516,5th Settlement,5,8.2
3517,Agouza,5,2.1
3518,Giza,1,1.5
3519,Rehab,2,1.6
3520,Giza,1,5.0
3521,Ain Shams,3,7.9
3522,Nasr City,4,5.3
3523,Downtown,4,9.4
3524,Agouza,1,6.4
3525,Mohandessin,4,0.5
3526,Dokki,5,7.0
3527,Helwan,2,3.8
3528,Agouza,1,9.5
3529,Helwan,1,3.8
3530,6th of October,5,3.1
3531,Heliopolis,4,8.2
3532,Rehab,4,6.5
3533,Helwan,5,4.2
3534,Giza,1,4.3
3535,Rehab,4,9.3
3536,5th Settlement,5,3.8
3537,Ain Shams,4,1.7
3538,Ain Shams,3,2.9
3539,Heliopolis,1,7.1
3540,Heliopolis,1,8.1
3541,Manial,4,6.5
3542,Manial,5,1.1
3543,Rehab,5,1.1
3544,Maadi,3,5.9
3545,Mohandessin,2,8.5
3546,5th Settlement,4,7.8
3547,Madinaty,1,1.2
3548,Rehab,4,3.6
3549,Shubra,1,9.1
3550,Garden City,5,9.4
3551,New Cairo,3,2.9
3552,Ain Shams,2,8.4
3553,Ain Shams,1,0.1
3554,Downtown,3,0.3
3555,Sheikh Zayed,5,8.4
3556,Dokki,5,3.2
3557,Garden City,5,9.9
3558,Mohandessin,5,9.7
3559,Maadi,5,6.5
3560,Shubra,2,4.3
3561,Giza,5,4.1
3562,Garden City,1,1.7
3563,Downtown,5,7.1
3564,Agouza,4,1.3
3565,New Cairo,5,8.4
3566,Giza,2,1.7
3567,Nasr City,4,1.0
3568,Agouza,2,0.2
3569,5th Settlement,1,0.4
3570,Nasr City,2,5.8
3571,Helwan,2,9.8
3572,Garden City,3,2.5
3573,Garden City,4,2.0
3574,Maadi,3,7.7
3575,Downtown,1,0.9
3576,Agouza,1,6.4
3577,Manial,1,1.2
3578,6th of October,3,1.2
3579,Zamalek,1,9.0
3580,Helwan,2,5.0
3581,Madinaty,1,4.0
3582,Madinaty,1,4.2
3583,Ain Shams,4,2.2
3584,Rehab,2,8.9
3585,Nasr City,2,1.9
3586,Manial,1,6.6
3587,Giza,3,1.3
3588,Manial,5,4.9
3589,Dokki,5,5.5
3590,Heliopolis,2,7.4
3591,5th Settlement,1,6.1
3592,Downtown,2,5.2
3593,Heliopolis,2,8.7
3594,Downtown,2,0.4
3595,Downtown,3,0.9
3596,Mohandessin,1,2.8
3597,5th Settlement,3,3.6
3598,Madinaty,4,4.7
3599,Shubra,2,5.2
3600,Mohandessin,3,2.6
3601,Heliopolis,5,9.6
3602,Agouza,3,8.0
3603,Mohandessin,4,1.7
3604,Rehab,4,4.4
3605,New Cairo,3,6.0
3606,Manial,4,6.3
3607,Agouza,3,4.4
3608,Zamalek,4,3.8
3609,Maadi,5,1.8
3610,Ain Shams,3,2.6
3611,Sheikh Zayed,3,6.1
3612,Heliopolis,2,4.0
3613,Ain Shams,2,8.1
3614,Zamalek,2,3.6
3615,Helwan,2,6.6
3616,Heliopolis,1,7.8
3617,Nasr City,3,3.3
3618,Agouza,3,2.2
3619,5th Settlement,1,9.0
3620,Manial,2,3.9
3621,Heliopolis,5,5.3
3622,Manial,1,2.9
3623,Ain Shams,4,5.8
3624,Giza,2,3.2
3625,Madinaty,4,2.1
3626,New Cairo,4,0.6
3627,Rehab,2,1.3
3628,Agouza,4,6.1
3629,Nasr City,3,2.4
3630,Agouza,1,0.3
3631,6th of October,2,9.1
3632,Shubra,1,8.4
3633,Sheikh Zayed,1,9.0
3634,Nasr City,1,3.4
3635,Ain Shams,3,4.8
3636,Helwan,4,2.8
3637,Giza,4,0.9
3638,Shubra,3,6.2
3639,Rehab,4,7.0
3640,Heliopolis,3,8.5
3641,Heliopolis,1,9.4
3642,Nasr City,2,2.3
3643,Giza,4,1.1
3644,Zamalek,2,2.3
3645,Helwan,5,7.3
3646,Maadi,3,9.9
3647,Maadi,1,8.8
3648,6th of October,1,0.6
3649,Manial,4,2.7
3650,Dokki,2,2.8
3651,Heliopolis,2,5.9
3652,Downtown,5,3.3
3653,Ain Shams,4,8.9
3654,Sheikh Zayed,5,6.7
3655,Madinaty,4,2.5
3656,Giza,4,9.8
3657,New Cairo,3,2.3
3658,Helwan,5,7.1
3659,Garden City,2,8.4
3660,Zamalek,4,7.0
3661,Nasr City,2,0.7
3662,Shubra,2,4.7
3663,Giza,2,4.9
3664,Sheikh Zayed,5,8.2
3665,6th of October,4,8.6
3666,Sheikh Zayed,1,6.6
3667,Garden City,3,9.1
3668,Rehab,5,3.9
3669,Shubra,2,5.2
3670,Ain Shams,2,0.8
3671,Agouza,1,6.9
3672,Heliopolis,1,1.6
3673,Rehab,2,2.5
3674,Madinaty,5,2.7
3675,New Cairo,1,4.6
3676,Zamalek,3,9.3
3677,Downtown,4,4.4
3678,Sheikh Zayed,3,5.1
3679,New Cairo,3,0.6
3680,Shubra,4,1.1
3681,Mohandessin,4,2.0
3682,New Cairo,5,1.8
3683,Sheikh Zayed,4,6.1
3684,Maadi,2,1.2
3685,Garden City,1,9.6
3686,Maadi,5,0.6
3687,Zamalek,5,2.7
3688,Garden City,5,1.1
3689,Shubra,4,7.0
3690,Garden City,3,4.0
3691,Dokki,2,5.0
3692,6th of October,5,3.5
3693,Nasr City,1,3.0
3694,Manial,4,1.9
3695,Garden City,2,7.4
3696,Zamalek,2,3.2
3697,Rehab,2,2.0
3698,Madinaty,4,9.6
3699,Dokki,3,3.4
3700,Dokki,1,8.8
3701,Madinaty,5,6.0
3702,Garden City,4,0.1
3703,Nasr City,5,1.2
3704,6th of October,2,6.8
3705,Dokki,2,5.3
3706,Heliopolis,3,7.8
3707,Giza,4,8.1
3708,Helwan,5,5.0
3709,Madinaty,3,2.6
3710,Nasr City,3,3.7
3711,Giza,5,3.1
3712,Manial,4,7.8
3713,Sheikh Zayed,1,1.2
3714,Ain Shams,2,1.6
3715,Downtown,3,6.6
3716,Garden City,5,5.0
3717,Ain Shams,3,7.4
3718,Zamalek,2,2.1
3719,Shubra,1,9.2
3720,5th Settlement,4,9.7
3721,Sheikh Zayed,2,9.9
3722,Helwan,3,2.7
3723,Ain Shams,3,4.0
3724,Maadi,5,3.2
3725,Giza,5,5.2
3726,Rehab,5,1.3
3727,Helwan,3,9.7
3728,Nasr City,4,1.2
3729,Downtown,4,9.3
3730,Sheikh Zayed,3,6.8
3731,Dokki,3,6.3
3732,Zamalek,3,4.9
3733,Maadi,2,0.3
3734,Agouza,1,2.9
3735,6th of October,1,0.6
3736,Nasr City,1,4.4
3737,Helwan,3,2.6
3738,Sheikh Zayed,5,7.9
3739,Zamalek,3,1.6
3740,Mohandessin,4,1.5
3741,Zamalek,3,5.9
3742,Madinaty,3,2.3
3743,Shubra,4,2.6
3744,Heliopolis,3,4.1
3745,Manial,3,9.2
3746,Ain Shams,3,1.8
3747,Downtown,2,8.1
3748,Ain Shams,5,2.6
3749,6th of October,1,2.1
3750,Rehab,5,3.0
3751,Ain Shams,1,1.9
3752,Rehab,3,1.5
3753,Helwan,4,5.1
3754,Rehab,4,3.6
3755,Rehab,1,9.6
3756,Nasr City,4,9.1
3757,Downtown,5,1.0
3758,Garden City,5,9.1
3759,Downtown,5,5.2
3760,Agouza,3,5.5
3761,Shubra,2,0.6
3762,Nasr City,4,4.1
3763,Sheikh Zayed,4,8.1
3764,Zamalek,1,8.4
3765,Heliopolis,3,2.8
3766,6th of October,5,6.0
3767,Giza,1,4.9
3768,Agouza,5,1.3
3769,Maadi,2,7.4
3770,5th Settlement,4,5.2
3771,Downtown,3,1.5
3772,Nasr City,4,6.3
3773,Mohandessin,1,6.3
3774,Downtown,5,0.8
3775,Sheikh Zayed,1,8.8
3776,Heliopolis,4,2.5
3777,Sheikh Zayed,4,0.3
3778,Heliopolis,3,4.0
3779,Dokki,2,4.1
3780,5th Settlement,3,8.4
3781,Rehab,5,8.2
3782,Downtown,1,1.3
3783,Garden City,2,1.9
3784,5th Settlement,2,5.2
3785,6th of October,3,4.8
3786,Agouza,4,6.7
3787,New Cairo,4,3.7
3788,Heliopolis,4,3.9
3789,Ain Shams,2,4.2
3790,Rehab,1,0.4
3791,Nasr City,5,5.7
3792,Manial,4,3.1
3793,Helwan,2,0.5
3794,Rehab,3,4.7
3795,Dokki,3,0.2
3796,Sheikh Zayed,2,5.1
3797,Sheikh Zayed,4,3.6
3798,Dokki,2,5.2
3799,Agouza,3,3.6
3800,Downtown,3,4.6
3801,6th of October,4,7.9
3802,Madinaty,4,0.8
3803,Manial,2,9.6
3804,Sheikh Zayed,5,5.8
3805,Giza,5,2.7
3806,Helwan,5,9.6
3807,Shubra,1,6.2
3808,Dokki,2,0.5
3809,Heliopolis,4,1.1
3810,Madinaty,3,9.3
3811,Garden City,1,7.6
3812,Dokki,4,9.0
3813,Ain Shams,1,7.6
3814,New Cairo,1,0.7
3815,Zamalek,4,0.5
3816,Manial,1,7.7
3817,Giza,1,9.2
3818,Shubra,2,7.0
3819,Agouza,5,9.9
3820,New Cairo,4,2.1
3821,6th of October,2,4.4
3822,Dokki,4,2.1
3823,Mohandessin,1,8.2
3824,Heliopolis,2,5.9
3825,Downtown,1,0.4
3826,Ain Shams,5,3.7
3827,Zamalek,3,5.5
3828,Sheikh Zayed,4,1.9
3829,Mohandessin,5,2.0
3830,Sheikh Zayed,3,8.3
3831,5th Settlement,2,3.6
3832,Rehab,4,8.0
3833,Zamalek,5,6.3
3834,Sheikh Zayed,3,0.9
3835,Madinaty,2,1.1
3836,5th Settlement,3,0.6
3837,6th of October,3,0.3
3838,Helwan,1,4.0
3839,Dokki,3,8.7
3840,Agouza,2,0.8
3841,Manial,5,8.5
3842,Manial,1,3.2
3843,Heliopolis,5,5.5
3844,New Cairo,1,4.8
3845,Ain Shams,3,0.4
3846,Maadi,2,2.1
3847,Giza,1,2.1
3848,Zamalek,5,2.4
3849,Maadi,3,9.1
3850,Ain Shams,5,9.8
3851,Zamalek,5,7.4
3852,Downtown,3,4.8
3853,Heliopolis,1,7.3
3854,Garden City,3,5.0
3855,6th of October,2,4.4
3856,Maadi,1,0.3
3857,Mohandessin,5,7.8
3858,Shubra,1,6.1
3859,Maadi,4,5.6
3860,Downtown,4,7.7
3861,5th Settlement,2,7.0
3862,Heliopolis,5,1.2
3863,Helwan,3,9.8
3864,Ain Shams,1,2.0
3865,Zamalek,5,2.5
3866,Ain Shams,5,0.2
3867,Nasr City,2,5.7
3868,Zamalek,1,8.1
3869,Dokki,3,1.4
3870,Helwan,5,0.5
3871,Garden City,3,6.6
3872,Shubra,4,1.4
3873,Zamalek,1,6.6
3874,5th Settlement,2,2.6
3875,Helwan,2,5.0
3876,6th of October,3,4.5
3877,6th of October,2,7.8
3878,New Cairo,3,5.3
3879,Sheikh Zayed,1,7.0
3880,Ain Shams,5,0.6
3881,Zamalek,2,4.9
3882,Sheikh Zayed,2,9.1
3883,5th Settlement,2,3.1
3884,Downtown,1,1.3
3885,Rehab,4,9.8
3886,Nasr City,4,9.5
3887,New Cairo,3,8.4
3888,6th of October,1,5.9
3889,Manial,4,0.7
3890,Shubra,4,5.0
3891,Garden City,2,4.5
3892,Ain Shams,5,3.9
3893,6th of October,1,0.6
3894,Helwan,1,5.5
3895,Giza,3,9.1
3896,Agouza,2,8.1
3897,Giza,5,7.6
3898,Ain Shams,1,4.4
3899,5th Settlement,4,8.1
3900,6th of October,5,9.5
3901,Agouza,5,4.7
3902,New Cairo,2,7.7
3903,Rehab,2,9.6
3904,Nasr City,3,1.4
3905,New Cairo,1,8.0
3906,5th Settlement,3,10.0
3907,Shubra,1,3.4
3908,Helwan,3,6.2
3909,Manial,1,6.6
3910,Agouza,3,1.3
3911,Dokki,4,8.4
3912,Rehab,1,4.7
3913,Helwan,4,4.7
3914,5th Settlement,2,6.4
3915,Agouza,1,4.1
3916,Manial,5,2.8
3917,Zamalek,4,3.2
3918,New Cairo,3,1.9
3919,Downtown,2,8.7
3920,Downtown,5,6.3
3921,Garden City,1,6.6
3922,Dokki,5,6.6
3923,Agouza,3,8.6
3924,Garden City,1,0.5
3925,New Cairo,3,9.5
3926,Helwan,5,0.3
3927,Manial,2,7.2
3928,Zamalek,5,3.6
3929,Sheikh Zayed,1,4.5
3930,Giza,5,2.4
3931,Ain Shams,1,3.8
3932,6th of October,2,6.5
3933,Manial,3,0.3
3934,Ain Shams,3,3.4
3935,6th of October,5,4.8
3936,Helwan,1,0.4
3937,Downtown,5,3.0
3938,Manial,2,0.4
3939,Sheikh Zayed,5,8.1
3940,Helwan,2,7.9
3941,Agouza,1,3.9
3942,Downtown,4,6.6
3943,Zamalek,1,7.6
3944,Garden City,5,9.6
3945,Agouza,5,5.1
3946,5th Settlement,1,7.4
3947,Sheikh Zayed,1,8.5
3948,Sheikh Zayed,5,6.1
3949,New Cairo,2,4.5
3950,6th of October,2,8.4
3951,Helwan,2,3.4
3952,Heliopolis,2,4.6
3953,Ain Shams,3,4.5
3954,5th Settlement,5,0.9
3955,Helwan,4,0.9
3956,Rehab,4,6.1
3957,Downtown,5,2.4
3958,Ain Shams,5,2.5
3959,Manial,3,6.7
3960,Giza,3,8.0
3961,Ain Shams,4,1.3
3962,Downtown,5,5.1
3963,Mohandessin,2,5.0
3964,Nasr City,2,8.8
3965,New Cairo,5,1.3
3966,Madinaty,1,7.1
3967,Maadi,4,1.4
3968,Dokki,1,0.3
3969,Sheikh Zayed,4,1.4
3970,Helwan,2,9.1
3971,5th Settlement,2,4.1
3972,Heliopolis,3,7.1
3973,Giza,5,9.0
3974,Heliopolis,1,6.1
3975,Helwan,4,0.8
3976,Rehab,4,9.1
3977,Madinaty,2,3.0
3978,Agouza,5,7.4
3979,Nasr City,5,0.9
3980,Rehab,4,6.0
3981,Dokki,5,3.3
3982,New Cairo,1,7.3
3983,Madinaty,3,2.4
3984,Sheikh Zayed,5,0.6
3985,Ain Shams,3,5.8
3986,Giza,2,3.3
3987,Maadi,2,9.5
3988,New Cairo,5,4.4
3989,Giza,1,8.8
3990,Dokki,1,3.5
3991,Madinaty,4,2.9
3992,Dokki,3,2.3
3993,New Cairo,5,9.4
3994,Garden City,3,7.6
3995,Mohandessin,5,1.5
3996,Dokki,1,8.4
3997,Maadi,5,6.0
3998,Mohandessin,1,5.4
3999,Nasr City,3,4.9
4000,Agouza,4,2.1
4001,Sheikh Zayed,2,7.3
4002,6th of October,1,8.3
4003,Heliopolis,4,7.2
4004,Madinaty,3,8.9
4005,Downtown,3,1.0
4006,Heliopolis,3,7.3
4007,Garden City,1,8.1
4008,Sheikh Zayed,3,3.3
4009,Sheikh Zayed,1,2.8
4010,Giza,1,7.1
4011,Sheikh Zayed,3,4.4
4012,5th Settlement,1,2.0
4013,Nasr City,2,9.5
4014,Shubra,2,1.5
4015,New Cairo,4,6.8
4016,Dokki,4,1.6
4017,Mohandessin,1,2.9
4018,Mohandessin,1,9.5
4019,Madinaty,5,4.4
4020,Dokki,1,6.2
4021,New Cairo,5,4.2
4022,Agouza,2,3.9
4023,Madinaty,5,6.4
4024,Dokki,3,6.6
4025,6th of October,4,8.4
4026,Shubra,5,5.0
4027,Madinaty,3,3.6
4028,Heliopolis,3,1.1
4029,Rehab,3,4.3
4030,Ain Shams,1,2.5
4031,Giza,1,1.8
4032,Shubra,2,3.5
4033,Madinaty,4,7.8
4034,Garden City,1,6.1
4035,Sheikh Zayed,2,3.0
4036,Ain Shams,1,8.9
4037,Giza,3,5.7
4038,Ain Shams,4,6.8
4039,Ain Shams,4,8.1
4040,Maadi,3,2.7
4041,Garden City,3,4.9
4042,Maadi,3,6.4
4043,Garden City,5,4.5
4044,5th Settlement,2,8.8
4045,Heliopolis,5,7.8
4046,Downtown,5,6.1
4047,Nasr City,4,5.4
4048,Giza,3,1.0
4049,5th Settlement,1,7.7
4050,Sheikh Zayed,2,6.6
4051,Mohandessin,2,3.7
4052,Shubra,2,8.4
4053,Dokki,3,3.0
4054,Mohandessin,5,3.4
4055,Nasr City,1,7.4
4056,Sheikh Zayed,1,8.5
4057,Madinaty,1,5.1
4058,6th of October,1,1.7
4059,Garden City,1,2.4
4060,Heliopolis,4,2.8
4061,Downtown,3,6.6
4062,Zamalek,1,8.6
4063,Ain Shams,1,5.1
4064,5th Settlement,5,0.2
4065,Heliopolis,5,9.2
4066,Mohandessin,5,7.9
4067,Giza,4,8.6
4068,Nasr City,3,5.2
4069,Mohandessin,1,2.8
4070,Agouza,4,2.7
4071,Ain Shams,1,3.8
4072,Ain Shams,5,2.3
4073,6th of October,5,2.9
4074,Shubra,1,5.1
4075,Shubra,3,9.9
4076,Heliopolis,4,7.7
4077,Nasr City,4,2.3
4078,Rehab,3,7.7
4079,Heliopolis,3,4.8
4080,Zamalek,1,3.4
4081,Mohandessin,4,5.7
4082,Zamalek,2,6.0
4083,Madinaty,5,4.1
4084,Agouza,2,7.3
4085,Madinaty,3,0.7
4086,Giza,2,4.2
4087,Agouza,5,0.5
4088,Nasr City,3,4.1
4089,5th Settlement,4,6.9
4090,Giza,2,5.5
4091,Madinaty,5,3.3
4092,Zamalek,1,5.6
4093,Zamalek,4,4.3
4094,Nasr City,2,1.4
4095,Heliopolis,2,5.2
4096,Heliopolis,1,2.1
4097,Madinaty,2,8.9
4098,Sheikh Zayed,4,6.3
4099,5th Settlement,4,1.5
4100,6th of October,1,4.1
4101,6th of October,3,4.4
4102,Manial,3,5.3
4103,Dokki,2,5.7
4104,Mohandessin,5,3.0
4105,Helwan,5,9.5
4106,Madinaty,4,6.1
4107,Giza,2,2.2
4108,Madinaty,1,1.7
4109,Dokki,2,3.2
4110,Nasr City,3,4.8
4111,Mohandessin,1,7.0
4112,Giza,1,5.4
4113,Rehab,5,0.7
4114,Helwan,5,1.6
4115,Helwan,1,8.8
4116,New Cairo,3,9.3
4117,Ain Shams,5,8.2
4118,Helwan,5,7.3
4119,New Cairo,5,7.7
4120,Mohandessin,1,5.5
4121,Heliopolis,2,6.0
4122,New Cairo,5,2.9
4123,Sheikh Zayed,5,1.1
4124,Shubra,3,6.5
4125,Agouza,5,5.8
4126,Manial,4,2.8
4127,Nasr City,2,2.2
4128,Zamalek,5,9.9
4129,Dokki,4,1.6
4130,Giza,1,8.8
4131,Maadi,2,9.0
4132,Rehab,4,5.2
4133,Giza,3,6.7
4134,Heliopolis,2,5.1
4135,Shubra,4,5.6
4136,Helwan,3,7.1
4137,Giza,5,8.4
4138,Manial,2,0.9
4139,New Cairo,2,9.6
4140,5th Settlement,4,8.4
4141,New Cairo,1,5.0
4142,Ain Shams,3,5.6
4143,Helwan,4,1.9
4144,Helwan,4,7.7
4145,5th Settlement,2,2.2
4146,Dokki,1,3.9
4147,Helwan,5,2.0
4148,Agouza,3,2.0
4149,Helwan,3,3.4
4150,Nasr City,5,5.1
4151,New Cairo,4,2.8
4152,New Cairo,3,4.0
4153,Agouza,1,6.3
4154,Madinaty,5,8.6
4155,Madinaty,2,6.4
4156,5th Settlement,1,4.8
4157,Nasr City,5,0.5
4158,Downtown,2,9.0
4159,Downtown,1,8.7
4160,Heliopolis,1,4.3
4161,Maadi,3,4.5
4162,5th Settlement,3,1.1
4163,Mohandessin,5,9.8
4164,Giza,3,7.4
4165,Dokki,5,9.0
4166,Helwan,5,7.2
4167,Shubra,4,0.2
4168,Maadi,1,8.4
4169,Sheikh Zayed,2,2.0
4170,Zamalek,2,7.3
4171,New Cairo,5,4.5
4172,Sheikh Zayed,4,2.1
4173,Nasr City,3,1.8
4174,Helwan,1,2.8
4175,Agouza,1,3.5
4176,Rehab,1,5.7
4177,Zamalek,2,1.3
4178,Dokki,3,7.3
4179,Nasr City,2,6.0
4180,Mohandessin,3,7.9
4181,Garden City,3,4.7
4182,Mohandessin,2,8.4
4183,Shubra,3,3.2
4184,Downtown,5,1.9
4185,Garden City,2,3.2
4186,Mohandessin,2,2.8
4187,New Cairo,4,9.8
4188,Madinaty,3,2.7
4189,Helwan,5,5.8
4190,Dokki,1,4.6
4191,Agouza,4,9.5
4192,Agouza,2,1.6
4193,Ain Shams,3,9.9
4194,6th of October,2,6.5
4195,Sheikh Zayed,5,3.5
4196,New Cairo,1,8.3
4197,Mohandessin,3,5.2
4198,New Cairo,1,2.3
4199,Sheikh Zayed,2,9.2
4200,Rehab,5,4.8
4201,Agouza,4,3.3
4202,Maadi,3,6.6
4203,Helwan,1,7.0
4204,Madinaty,3,1.7
4205,Heliopolis,2,3.4
4206,6th of October,2,9.1
4207,Dokki,1,4.7
4208,Manial,4,4.4
4209,Ain Shams,4,6.0
4210,Garden City,3,4.8
4211,Manial,3,7.3
4212,Shubra,3,4.9
4213,Garden City,5,0.5
4214,Ain Shams,3,1.2
4215,Shubra,5,9.5
4216,Sheikh Zayed,2,0.4
4217,Manial,5,9.2
4218,Agouza,2,2.1
4219,Giza,1,1.4
4220,6th of October,2,9.7
4221,Rehab,4,8.0
4222,Nasr City,2,1.7
4223,Dokki,3,2.1
4224,Dokki,2,3.1
4225,Ain Shams,1,8.6
4226,Downtown,5,7.3
4227,Helwan,1,8.5
4228,Helwan,1,4.8
4229,Shubra,2,4.8
4230,Shubra,4,9.1
4231,Heliopolis,4,7.1
4232,Downtown,4,1.4
4233,6th of October,4,7.8
4234,5th Settlement,1,6.0
4235,Agouza,1,3.5
4236,Manial,2,2.3
4237,Helwan,3,7.7
4238,Nasr City,5,3.5
4239,Shubra,1,6.0
4240,Downtown,4,6.5
4241,Mohandessin,3,2.0
4242,Giza,4,4.4
4243,Ain Shams,2,6.6
4244,Shubra,4,2.9
4245,Ain Shams,2,0.4
4246,Sheikh Zayed,1,1.7
4247,Zamalek,3,4.7
4248,Heliopolis,4,6.9
4249,Nasr City,2,8.1
4250,Agouza,5,3.3
4251,Rehab,1,3.9
4252,Shubra,4,4.9
4253,6th of October,4,7.7
4254,Heliopolis,5,2.7
4255,Rehab,5,8.1
4256,Madinaty,3,3.8
4257,Helwan,1,8.5
4258,Ain Shams,5,7.9
4259,Zamalek,2,7.6
4260,Agouza,3,0.2
4261,Manial,4,2.1
4262,Rehab,3,4.4
4263,Madinaty,4,0.5
4264,Manial,3,3.7
4265,Giza,3,2.6
4266,Nasr City,5,7.7
4267,6th of October,3,2.7
4268,Rehab,3,4.2
4269,Maadi,5,3.0
4270,Maadi,5,1.2
4271,Garden City,2,7.4
4272,Heliopolis,2,0.9
4273,Madinaty,4,7.3
4274,Helwan,4,8.9
4275,Garden City,5,6.9
4276,Maadi,1,5.7
4277,Maadi,2,3.3
4278,Heliopolis,4,6.1
4279,Zamalek,3,5.2
4280,6th of October,4,9.3
4281,Dokki,3,4.1
4282,Zamalek,4,7.2
4283,Mohandessin,5,9.7
4284,6th of October,5,2.7
4285,Garden City,1,5.2
4286,Madinaty,2,3.8
4287,Ain Shams,3,7.6
4288,Dokki,3,7.5
4289,Maadi,5,5.1
4290,Dokki,3,4.0
4291,Ain Shams,2,2.8
4292,Ain Shams,2,0.3
4293,Rehab,5,2.8
4294,Giza,1,7.9
4295,Nasr City,3,2.3
4296,Manial,3,2.3
4297,Manial,4,7.3
4298,Manial,3,5.9
4299,Madinaty,5,5.5
4300,Giza,3,0.2
4301,Rehab,2,3.5
4302,Madinaty,2,4.7
4303,Dokki,4,5.4
4304,Maadi,5,2.6
4305,Madinaty,5,9.7
4306,Zamalek,2,9.9
4307,Sheikh Zayed,3,7.5
4308,Giza,4,3.1
4309,Nasr City,2,6.8
4310,Dokki,5,6.3
4311,Ain Shams,4,3.6
4312,Nasr City,3,10.0
4313,Madinaty,2,5.6
4314,5th Settlement,2,3.8
4315,Heliopolis,1,3.8
4316,Mohandessin,1,4.0
4317,Dokki,2,5.8
4318,Shubra,5,7.7
4319,Mohandessin,4,4.1
4320,New Cairo,3,9.0
4321,Heliopolis,3,7.7
4322,5th Settlement,4,5.1
4323,Shubra,4,2.3
4324,6th of October,4,7.6
4325,Dokki,4,1.7
4326,5th Settlement,3,3.0
4327,Dokki,1,7.7
4328,Ain Shams,4,3.9
4329,Nasr City,5,4.2
4330,Manial,5,2.3
4331,Zamalek,5,5.1
4332,Ain Shams,1,5.7
4333,Garden City,2,3.3
4334,Madinaty,1,5.7
4335,Nasr City,5,9.5
4336,Shubra,5,8.8
4337,Mohandessin,2,5.2
4338,Garden City,2,4.6
4339,Mohandessin,3,4.8
4340,Zamalek,1,1.4
4341,Rehab,4,2.1
4342,Manial,4,2.5
4343,Dokki,4,9.9
4344,Heliopolis,5,5.1
4345,Dokki,2,8.4
4346,Zamalek,1,4.7
4347,Ain Shams,5,7.5
4348,Shubra,1,10.0
4349,New Cairo,5,7.9
4350,Manial,5,1.3
4351,Rehab,4,7.2
4352,Maadi,3,8.3
4353,Maadi,3,8.1
4354,Sheikh Zayed,4,4.1
4355,Heliopolis,1,4.3
4356,New Cairo,5,1.5
4357,Heliopolis,2,7.6
4358,Giza,2,3.7
4359,Madinaty,2,9.1
4360,Giza,1,2.7
4361,Madinaty,2,4.6
4362,Giza,3,7.6
4363,Giza,4,6.9
4364,Agouza,3,7.0
4365,Downtown,2,6.0
4366,Nasr City,2,5.3
4367,Agouza,3,8.8
4368,6th of October,2,7.2
4369,6th of October,4,5.7
4370,6th of October,2,7.2
4371,Downtown,2,7.5
4372,Shubra,3,6.1
4373,Nasr City,2,6.4
4374,Downtown,5,5.9
4375,Helwan,5,0.2
4376,Sheikh Zayed,4,7.5
4377,Dokki,3,4.8
4378,Agouza,5,6.5
4379,Helwan,4,3.2
4380,Madinaty,2,8.7
4381,Madinaty,2,8.7
4382,Shubra,1,4.9
4383,Zamalek,3,6.7
4384,Mohandessin,2,2.3
4385,Manial,1,1.6
4386,Helwan,4,6.5
4387,Nasr City,5,4.6
4388,Mohandessin,3,9.0
4389,Shubra,1,6.7
4390,Sheikh Zayed,1,9.5
4391,5th Settlement,5,2.8
4392,Maadi,4,8.7
4393,Garden City,2,5.7
4394,Dokki,2,2.6
4395,Rehab,2,2.4
4396,Manial,3,0.5
4397,Zamalek,2,5.6
4398,Zamalek,2,7.4
4399,Maadi,2,5.3
4400,Agouza,5,2.4
4401,Heliopolis,5,4.8
4402,Maadi,3,8.8
4403,Zamalek,2,7.9
4404,Rehab,1,4.8
4405,Heliopolis,5,4.8
4406,Manial,4,5.9
4407,Nasr City,5,3.1
4408,Heliopolis,4,4.4
4409,Mohandessin,5,7.8
4410,Manial,4,8.1
4411,New Cairo,4,9.9
4412,Madinaty,2,6.1
4413,Madinaty,5,3.4
4414,6th of October,3,2.9
4415,Garden City,3,8.7
4416,5th Settlement,5,2.8
4417,Rehab,1,3.2
4418,Dokki,4,9.8
4419,Sheikh Zayed,4,0.2
4420,Dokki,1,5.0
4421,6th of October,1,7.6
4422,Rehab,3,9.3
4423,5th Settlement,2,6.4
4424,Heliopolis,2,2.0
4425,Sheikh Zayed,3,2.2
4426,Sheikh Zayed,4,3.3
4427,6th of October,5,1.1
4428,Downtown,3,2.2
4429,Shubra,2,1.6
4430,Manial,2,8.5
4431,Sheikh Zayed,4,3.3
4432,Ain Shams,3,6.6
4433,New Cairo,4,2.4
4434,6th of October,3,9.3
4435,Giza,3,1.5
4436,Giza,4,8.3
4437,Agouza,4,3.1
4438,Nasr City,4,7.7
4439,Ain Shams,3,0.6
4440,Downtown,4,6.5
4441,Nasr City,2,7.7
4442,New Cairo,3,2.2
4443,Nasr City,3,8.3
4444,Shubra,3,4.3
4445,Mohandessin,2,5.6
4446,Rehab,3,6.2
4447,Garden City,2,1.2
4448,Madinaty,5,3.3
4449,Maadi,4,4.8
4450,Madinaty,2,6.9
4451,Manial,5,2.9
4452,Heliopolis,1,3.8
4453,New Cairo,5,6.4
4454,6th of October,1,3.8
4455,Zamalek,3,4.8
4456,Ain Shams,2,9.8
4457,Agouza,3,8.8
4458,5th Settlement,1,5.8
4459,Giza,5,4.4
4460,New Cairo,5,5.5
4461,6th of October,1,5.4
4462,Zamalek,3,1.5
4463,Helwan,4,9.6
4464,Mohandessin,2,7.5
4465,Garden City,4,3.3
4466,Mohandessin,3,3.7
4467,Nasr City,2,2.6
4468,Ain Shams,4,1.3
4469,Madinaty,1,4.0
4470,Maadi,5,8.3
4471,Agouza,4,3.8
4472,Sheikh Zayed,3,10.0
4473,Madinaty,3,7.9
4474,Zamalek,1,5.8
4475,5th Settlement,1,5.7
4476,Sheikh Zayed,1,5.4
4477,Rehab,5,5.8
4478,Mohandessin,1,6.5
4479,Ain Shams,3,7.7
4480,Downtown,3,4.7
4481,Agouza,3,0.8
4482,Ain Shams,1,4.6
4483,6th of October,1,4.1
4484,Shubra,1,6.3
4485,Giza,4,0.2
4486,Garden City,5,1.6
4487,Giza,5,6.8
4488,Mohandessin,5,4.6
4489,Agouza,2,9.3
4490,Downtown,2,2.0
4491,Heliopolis,1,3.2
4492,Maadi,2,5.4
4493,Zamalek,3,5.4
4494,Garden City,2,8.7
4495,Dokki,4,2.1
4496,Garden City,2,9.9
4497,Nasr City,2,7.7
4498,Rehab,1,8.8
4499,Shubra,1,8.4
4500,Mohandessin,4,4.5
4501,Rehab,4,0.6
4502,Shubra,5,2.1
4503,Zamalek,2,8.2
4504,Agouza,5,5.1
4505,Mohandessin,1,1.3
4506,Manial,3,9.4
4507,Giza,4,7.5
4508,Zamalek,5,2.0
4509,New Cairo,5,3.7
4510,Rehab,1,1.2
4511,Ain Shams,4,0.2
4512,Heliopolis,3,9.6
4513,6th of October,1,3.7
4514,6th of October,2,4.4
4515,Zamalek,4,10.0
4516,Nasr City,3,8.8
4517,Giza,1,7.3
4518,Garden City,2,1.5
4519,Downtown,5,5.7
4520,Madinaty,1,1.6
4521,Mohandessin,3,0.7
4522,Ain Shams,2,3.8
4523,Dokki,5,4.3
4524,Dokki,3,9.7
4525,Heliopolis,2,8.8
4526,Mohandessin,3,0.4
4527,Helwan,3,4.1
4528,Nasr City,1,6.3
4529,Madinaty,1,3.4
4530,Downtown,4,7.4
4531,Shubra,5,0.6
4532,Dokki,2,7.3
4533,Helwan,2,1.1
4534,Zamalek,1,1.0
4535,Rehab,4,9.7
4536,5th Settlement,4,8.6
4537,Manial,1,1.4
4538,Madinaty,3,3.2
4539,5th Settlement,3,1.4
4540,Heliopolis,4,9.6
4541,Agouza,2,5.0
4542,Sheikh Zayed,2,1.3
4543,Downtown,2,8.1
4544,Heliopolis,4,6.6
4545,Manial,1,2.9
4546,New Cairo,2,2.6
4547,6th of October,3,7.3
4548,Rehab,5,7.1
4549,Agouza,3,5.2
4550,Downtown,3,7.6
4551,Downtown,5,4.3
4552,Maadi,4,7.4
4553,Mohandessin,2,6.4
4554,Maadi,2,0.2
4555,Giza,1,1.7
4556,Madinaty,3,5.8
4557,Agouza,4,2.0
4558,Mohandessin,4,4.6
4559,5th Settlement,4,6.3
4560,New Cairo,5,1.3
4561,Giza,2,9.2
4562,Madinaty,5,2.6
4563,Heliopolis,3,4.6
4564,New Cairo,1,7.7
4565,Ain Shams,1,7.8
4566,Downtown,1,9.7
4567,Rehab,1,2.3
4568,6th of October,2,1.3
4569,6th of October,4,8.7
4570,Zamalek,5,4.4
4571,Sheikh Zayed,2,1.9
4572,Garden City,1,1.5
4573,Helwan,5,2.1
4574,Downtown,5,6.0
4575,Sheikh Zayed,1,8.6
4576,Helwan,5,8.0
4577,Sheikh Zayed,2,2.4
4578,Heliopolis,2,3.8
4579,Manial,2,6.4
4580,Downtown,5,8.4
4581,Manial,4,9.4
4582,New Cairo,1,8.6
4583,Shubra,3,9.6
4584,Sheikh Zayed,4,4.0
4585,Rehab,3,8.9
4586,6th of October,1,1.4
4587,5th Settlement,3,0.8
4588,Manial,5,2.2
4589,Maadi,4,9.6
4590,Madinaty,2,1.5
4591,Garden City,4,7.7
4592,Ain Shams,4,7.9
4593,Garden City,3,6.0
4594,New Cairo,2,0.8
4595,Heliopolis,5,8.9
4596,Downtown,2,9.4
4597,New Cairo,3,4.5
4598,Heliopolis,5,0.2
4599,Heliopolis,5,3.2
4600,Rehab,3,4.8
4601,5th Settlement,5,8.2
4602,Zamalek,3,4.6
4603,Maadi,4,8.8
4604,New Cairo,1,8.4
4605,Ain Shams,5,6.3
4606,Madinaty,3,1.8
4607,Heliopolis,1,2.3
4608,Manial,5,10.0
4609,Garden City,4,8.7
4610,Ain Shams,4,8.4
4611,Heliopolis,3,0.7
4612,New Cairo,3,8.4
4613,Giza,4,6.4
4614,New Cairo,3,6.7
4615,Heliopolis,4,0.9
4616,Madinaty,2,2.5
4617,New Cairo,1,6.0
4618,Madinaty,5,10.0
4619,Agouza,4,6.1
4620,Shubra,1,6.1
4621,Agouza,1,6.1
4622,Heliopolis,2,5.8
4623,Manial,4,3.7
4624,Maadi,3,8.2
4625,Rehab,4,6.5
4626,Sheikh Zayed,1,5.8
4627,Ain Shams,1,9.4
4628,Dokki,1,2.2
4629,Giza,1,6.3
4630,Ain Shams,1,3.0
4631,New Cairo,3,7.3
4632,Helwan,3,8.2
4633,Garden City,3,9.7
4634,Maadi,3,4.5
4635,New Cairo,2,4.6
4636,5th Settlement,3,2.2
4637,Helwan,2,7.4
4638,Zamalek,3,8.5
4639,5th Settlement,2,3.6
4640,6th of October,1,3.2
4641,Zamalek,4,9.2
4642,Madinaty,2,3.2
4643,Mohandessin,3,7.6
4644,Madinaty,3,8.6
4645,Rehab,3,3.4
4646,Dokki,3,7.6
4647,Mohandessin,5,0.3
4648,Sheikh Zayed,5,3.2
4649,5th Settlement,5,3.0
4650,Manial,1,1.9
4651,Zamalek,5,2.1
4652,Shubra,3,9.2
4653,Giza,5,1.5
4654,Downtown,4,3.6
4655,6th of October,5,1.1
4656,Zamalek,3,5.7
4657,Rehab,1,10.0
4658,Downtown,3,2.5
4659,Garden City,2,0.4
4660,Garden City,4,2.5
4661,Mohandessin,2,6.5
4662,Garden City,1,0.2
4663,Madinaty,4,8.6
4664,5th Settlement,5,4.2
4665,Dokki,5,2.0
4666,Agouza,4,5.9
4667,Helwan,3,7.5
4668,Helwan,2,4.4
4669,Helwan,1,3.3
4670,Downtown,3,9.6
4671,Garden City,5,8.6
4672,Heliopolis,5,5.8
4673,5th Settlement,3,7.1
4674,Manial,2,1.1
4675,5th Settlement,2,7.2
4676,Agouza,1,4.7
4677,Rehab,4,4.7
4678,Zamalek,2,6.0
4679,Rehab,5,0.3
4680,Helwan,4,6.5
4681,Downtown,1,8.7
4682,Zamalek,3,6.9
4683,Nasr City,5,5.7
4684,Downtown,4,5.0
4685,Rehab,3,2.2
4686,6th of October,3,5.4
4687,Sheikh Zayed,4,2.4
4688,5th Settlement,5,1.5
4689,Nasr City,5,3.2
4690,Helwan,5,0.6
4691,Zamalek,5,1.3
4692,Ain Shams,2,0.7
4693,Garden City,5,7.4
4694,Dokki,2,7.8
4695,Madinaty,1,0.4
4696,Heliopolis,4,3.4
4697,Shubra,4,5.8
4698,Madinaty,2,3.9
4699,Dokki,1,8.5
4700,Dokki,4,3.2
4701,Madinaty,1,8.8
4702,Shubra,2,1.9
4703,Zamalek,3,2.3
4704,Heliopolis,5,4.6
4705,Manial,1,2.7
4706,Maadi,3,9.8
4707,Nasr City,5,1.0
4708,Giza,4,0.2
4709,Agouza,5,3.1
4710,Zamalek,2,3.8
4711,Manial,4,2.0
4712,Mohandessin,3,1.9
4713,Downtown,5,1.1
4714,Dokki,4,3.8
4715,Dokki,5,7.1
4716,Rehab,1,1.6
4717,5th Settlement,1,6.3
4718,6th of October,3,8.1
4719,Dokki,5,1.2
4720,Heliopolis,4,5.2
4721,Downtown,5,2.0
4722,Rehab,5,9.2
4723,Rehab,1,8.3
4724,Zamalek,3,6.7
4725,Downtown,2,2.5
4726,Madinaty,2,9.6
4727,Maadi,3,8.0
4728,Madinaty,5,0.7
4729,Sheikh Zayed,1,1.1
4730,Giza,5,6.7
4731,5th Settlement,5,5.7
4732,5th Settlement,2,4.0
4733,Downtown,4,2.9
4734,6th of October,4,7.7
4735,Shubra,1,4.1
4736,Madinaty,1,5.0
4737,Madinaty,5,3.3
4738,Madinaty,3,3.9
4739,Maadi,5,7.7
4740,Mohandessin,1,8.3
4741,Agouza,5,3.1
4742,Giza,1,5.5
4743,Maadi,3,5.4
4744,Helwan,5,3.9
4745,Ain Shams,5,0.6
4746,Dokki,5,5.3
4747,Maadi,2,3.8
4748,Dokki,2,1.1
4749,Zamalek,2,7.2
4750,Agouza,5,5.0
4751,Shubra,2,0.3
4752,Heliopolis,3,9.0
4753,Garden City,3,0.1
4754,Shubra,2,9.8
4755,Shubra,1,3.8
4756,Manial,2,1.6
4757,New Cairo,4,6.3
4758,6th of October,2,6.8
4759,New Cairo,4,9.4
4760,Ain Shams,4,6.9
4761,Mohandessin,4,3.8
4762,Nasr City,4,2.6
4763,Rehab,2,0.5
4764,Garden City,1,6.7
4765,Heliopolis,2,6.4
4766,Madinaty,1,9.0
4767,Giza,2,1.9
4768,New Cairo,4,9.4
4769,6th of October,3,2.9
4770,New Cairo,1,8.6
4771,Shubra,2,7.6
4772,5th Settlement,4,9.5
4773,Sheikh Zayed,1,2.1
4774,Heliopolis,1,4.7
4775,Shubra,2,2.4
4776,Zamalek,2,0.9
4777,Helwan,4,4.4
4778,Rehab,5,7.4
4779,Sheikh Zayed,2,7.7
4780,Giza,1,7.7
4781,Downtown,3,5.7
4782,New Cairo,2,8.6
4783,Mohandessin,1,3.6
4784,Downtown,3,4.0
4785,Garden City,2,5.1
4786,Giza,4,6.3
4787,Rehab,1,0.4
4788,Manial,5,8.4
4789,Dokki,2,2.9
4790,Giza,1,5.5
4791,Zamalek,4,1.2
4792,Nasr City,5,5.2
4793,Giza,3,7.2
4794,Heliopolis,2,0.5
4795,Nasr City,5,0.2
4796,Shubra,5,0.7
4797,Garden City,1,1.3
4798,Zamalek,1,5.7
4799,Madinaty,5,6.5
4800,6th of October,5,6.5
4801,Garden City,4,3.9
4802,Helwan,4,6.2
4803,Downtown,4,4.8
4804,Helwan,2,5.4
4805,Dokki,4,1.5
4806,Dokki,3,10.0
4807,Ain Shams,3,7.4
4808,Rehab,4,1.5
4809,5th Settlement,2,7.1
4810,Downtown,3,9.9
4811,Shubra,4,2.2
4812,Rehab,4,8.8
4813,Shubra,4,4.5
4814,Giza,4,3.7
4815,Sheikh Zayed,2,1.4
4816,Mohandessin,5,2.5
4817,Manial,3,2.0
4818,5th Settlement,4,9.0
4819,6th of October,2,3.8
4820,Madinaty,1,4.0
4821,Rehab,3,5.5
4822,Manial,4,9.1
4823,Mohandessin,3,0.6
4824,Dokki,4,5.6
4825,Ain Shams,2,9.4
4826,Nasr City,2,9.4
4827,Dokki,3,3.9
4828,Agouza,2,9.8
4829,Agouza,2,6.4
4830,Giza,4,1.6
4831,Downtown,4,2.5
4832,Manial,5,3.2
4833,Maadi,1,7.4
4834,Zamalek,1,7.9
4835,Maadi,3,0.2
4836,Giza,3,8.5
4837,Downtown,2,2.1
4838,Zamalek,3,3.1
4839,Giza,5,6.3
4840,Rehab,4,9.1
4841,Dokki,3,3.5
4842,5th Settlement,2,3.1
4843,Downtown,2,9.0
4844,5th Settlement,5,4.2
4845,5th Settlement,5,4.2
4846,New Cairo,2,6.3
4847,Downtown,4,9.8
4848,Maadi,2,1.1
4849,Madinaty,4,8.8
4850,Nasr City,5,4.8
4851,Helwan,4,6.9
4852,Dokki,4,5.9
4853,Madinaty,5,9.0
4854,Giza,1,3.5
4855,Zamalek,2,8.9
4856,6th of October,4,1.4
4857,Heliopolis,2,9.2
4858,Giza,3,9.6
4859,Zamalek,3,7.1
4860,Madinaty,1,6.1
4861,Agouza,4,6.3
4862,Helwan,3,9.9
4863,New Cairo,5,2.0
4864,Nasr City,4,9.1
4865,Dokki,1,3.3
4866,6th of October,3,6.5
4867,Ain Shams,3,4.5
4868,Rehab,1,0.5
4869,Maadi,2,3.4
4870,Manial,1,8.7
4871,Nasr City,3,7.4
4872,Madinaty,4,3.9
4873,New Cairo,4,3.9
4874,Sheikh Zayed,4,3.4
4875,Giza,2,4.1
4876,New Cairo,5,9.4
4877,6th of October,3,2.0
4878,Rehab,1,0.9
4879,Giza,5,8.1
4880,Nasr City,2,9.0
4881,Heliopolis,2,8.1
4882,Helwan,1,0.8
4883,Garden City,1,1.6
4884,Nasr City,1,8.7
4885,Giza,5,7.4
4886,Agouza,4,0.8
4887,Giza,1,6.3
4888,Maadi,2,6.2
4889,Zamalek,2,2.1
4890,Zamalek,1,1.0
4891,Garden City,2,4.4
4892,Zamalek,4,0.6
4893,Sheikh Zayed,2,3.3
4894,Mohandessin,4,4.8
4895,Dokki,4,6.1
4896,Agouza,1,3.0
4897,Sheikh Zayed,1,4.5
4898,Mohandessin,3,0.9
4899,5th Settlement,5,1.5
4900,Heliopolis,1,9.7
4901,Giza,2,2.0
4902,Agouza,3,1.7
4903,Sheikh Zayed,3,6.1
4904,New Cairo,3,2.3
4905,Sheikh Zayed,1,7.4
4906,New Cairo,3,6.6
4907,Zamalek,1,7.6
4908,Helwan,1,0.7
4909,Ain Shams,1,6.2
4910,Rehab,1,6.8
4911,Zamalek,3,9.8
4912,Helwan,5,5.9
4913,Zamalek,5,6.8
4914,Giza,4,2.7
4915,Madinaty,3,3.6
4916,Madinaty,3,5.0
4917,Mohandessin,2,5.5
4918,Maadi,3,5.9
4919,Rehab,3,4.2
4920,Shubra,4,9.2
4921,Rehab,4,8.7
4922,Shubra,4,1.6
4923,Downtown,3,9.5
4924,Downtown,4,3.9
4925,Ain Shams,2,3.7
4926,Dokki,2,1.6
4927,Shubra,4,1.0
4928,Giza,2,1.6
4929,Shubra,2,0.3
4930,5th Settlement,3,3.1
4931,Madinaty,5,2.4
4932,Ain Shams,4,7.3
4933,Dokki,4,9.5
4934,Maadi,3,9.7
4935,Zamalek,3,9.6
4936,Manial,3,7.1
4937,Sheikh Zayed,4,1.5
4938,Ain Shams,4,8.1
4939,6th of October,2,0.2
4940,6th of October,5,3.5
4941,Heliopolis,5,4.3
4942,6th of October,3,1.4
4943,Downtown,3,7.3
4944,Madinaty,1,5.7
4945,Helwan,4,0.3
4946,Giza,2,2.5
4947,Giza,4,9.1
4948,5th Settlement,3,7.9
4949,Giza,2,5.8
4950,Giza,5,9.0
4951,Garden City,5,9.7
4952,Garden City,4,6.1
4953,Nasr City,3,5.7
4954,Heliopolis,4,5.2
4955,Manial,3,7.5
4956,Madinaty,4,0.9
4957,New Cairo,1,6.1
4958,Mohandessin,3,4.5
4959,Helwan,1,7.1
4960,Garden City,1,4.8
4961,Manial,4,3.3
4962,New Cairo,3,5.7
4963,Giza,5,4.9
4964,Mohandessin,2,8.8
4965,Manial,5,9.6
4966,Maadi,2,1.3
4967,Sheikh Zayed,3,5.3
4968,Shubra,4,2.6
4969,Nasr City,3,7.0
4970,Downtown,3,2.7
4971,Ain Shams,1,0.4
4972,Downtown,4,3.7
4973,5th Settlement,2,6.3
4974,Giza,1,6.0
4975,Rehab,3,9.4
4976,Manial,4,2.1
4977,Agouza,2,2.9
4978,Nasr City,1,3.3
4979,Giza,5,0.6
4980,Downtown,3,4.8
4981,Shubra,5,8.3
4982,Ain Shams,3,0.4
4983,Giza,5,4.0
4984,Maadi,3,8.4
4985,Agouza,1,3.3
4986,Maadi,2,8.8
4987,Zamalek,2,5.0
4988,Sheikh Zayed,2,1.6
4989,Garden City,1,9.4
4990,Helwan,3,7.6
4991,Giza,1,0.9
4992,5th Settlement,1,5.0
4993,Shubra,2,5.3
4994,Zamalek,2,5.5
4995,Heliopolis,3,4.5
4996,Maadi,5,2.4
4997,Garden City,4,0.3
4998,Garden City,2,0.5
4999,Downtown,5,9.5
5000,Shubra,4,3.3
5001,6th of October,4,0.3
5002,Ain Shams,5,0.3
5003,Mohandessin,5,0.8
5004,Garden City,5,0.5
5005,Helwan,1,5.0
5006,Helwan,5,5.9
5007,Dokki,4,9.0
5008,5th Settlement,1,2.2
5009,Manial,3,9.2
5010,Helwan,5,2.7
5011,Mohandessin,5,3.9
5012,Mohandessin,3,2.6
5013,Shubra,1,9.0
5014,Rehab,1,6.5
5015,Sheikh Zayed,4,4.5
5016,Heliopolis,1,2.1
5017,Heliopolis,2,3.9
5018,Agouza,3,2.1
5019,Mohandessin,5,8.3
5020,Helwan,4,8.2
5021,Garden City,5,0.6
5022,New Cairo,2,8.9
5023,6th of October,1,5.2
5024,Dokki,3,2.2
5025,Shubra,3,2.1
5026,Shubra,5,4.6
5027,Madinaty,4,7.6
5028,6th of October,2,5.7
5029,Heliopolis,1,0.9
5030,Manial,1,8.5
5031,New Cairo,1,8.6
5032,Shubra,5,3.1
5033,Heliopolis,1,9.6
5034,Mohandessin,4,3.7
5035,Helwan,1,7.4
5036,Nasr City,3,2.9
5037,Heliopolis,3,7.7
5038,Rehab,2,1.5
5039,Nasr City,4,1.3
5040,Heliopolis,1,1.8
5041,Rehab,5,7.3
5042,New Cairo,3,7.0
5043,Agouza,4,0.3
5044,Downtown,2,0.7
5045,Shubra,1,0.7
5046,Ain Shams,4,0.5
5047,Nasr City,5,4.2
5048,Zamalek,3,9.0
5049,Madinaty,2,7.1
5050,Nasr City,3,8.0
5051,Mohandessin,2,9.6
5052,Nasr City,1,6.9
5053,Ain Shams,5,8.7
5054,Madinaty,2,9.5
5055,Maadi,3,7.2
5056,Manial,3,3.7
5057,Madinaty,5,4.6
5058,Helwan,5,1.7
5059,Giza,3,5.5
5060,Agouza,4,4.1
5061,Helwan,3,3.8
5062,Madinaty,5,1.6
5063,Ain Shams,1,4.1
5064,Downtown,3,6.1
5065,Rehab,4,9.3
5066,Dokki,1,7.6
5067,Downtown,5,3.5
5068,Dokki,5,3.5
5069,Mohandessin,4,1.5
5070,Ain Shams,1,0.9
5071,5th Settlement,1,9.9
5072,Agouza,1,5.2
5073,5th Settlement,2,2.6
5074,Giza,4,7.4
5075,Helwan,5,1.3
5076,Sheikh Zayed,4,9.4
5077,Helwan,4,2.3
5078,Heliopolis,2,6.9
5079,Rehab,2,6.4
5080,Mohandessin,1,8.4
5081,Sheikh Zayed,1,8.9
5082,Zamalek,3,5.0
5083,Shubra,3,2.5
5084,5th Settlement,1,8.3
5085,Mohandessin,1,9.5
5086,6th of October,1,0.3
5087,Zamalek,1,2.2
5088,Heliopolis,4,2.6
5089,Shubra,1,9.5
5090,6th of October,3,7.0
5091,Mohandessin,3,3.9
5092,Agouza,4,4.3
5093,Agouza,1,6.4
5094,Maadi,4,6.8
5095,Nasr City,3,3.3
5096,Shubra,5,7.0
5097,Ain Shams,5,7.7
5098,Helwan,4,6.2
5099,Shubra,1,9.9
5100,Zamalek,4,9.6
5101,Zamalek,1,2.6
5102,Heliopolis,4,2.5
5103,Giza,2,3.9
5104,Madinaty,1,6.1
5105,5th Settlement,4,3.3
5106,Ain Shams,1,2.2
5107,Downtown,5,0.2
5108,Nasr City,5,8.6
5109,Sheikh Zayed,2,4.5
5110,Agouza,4,4.7
5111,5th Settlement,1,8.0
5112,Heliopolis,5,2.6
5113,Rehab,3,5.0
5114,Maadi,3,8.6
5115,Ain Shams,1,6.1
5116,Zamalek,2,6.9
5117,Garden City,1,4.9
5118,Dokki,4,3.9
5119,Dokki,2,0.5
5120,Agouza,4,3.5
5121,Rehab,1,2.4
5122,Downtown,2,1.1
5123,Manial,5,7.4
5124,Madinaty,3,0.3
5125,Ain Shams,1,8.0
5126,Helwan,5,7.1
5127,Madinaty,1,1.2
5128,5th Settlement,4,2.9
5129,Zamalek,3,0.8
5130,Helwan,4,8.8
5131,Garden City,2,4.1
5132,Dokki,1,1.3
5133,Mohandessin,4,5.7
5134,5th Settlement,3,6.6
5135,Madinaty,1,5.6
5136,Dokki,5,9.7
5137,5th Settlement,1,4.2
5138,Downtown,3,2.4
5139,Shubra,1,1.4
5140,Sheikh Zayed,1,3.8
5141,New Cairo,5,1.2
5142,6th of October,2,5.4
5143,Garden City,4,3.3
5144,Mohandessin,4,8.0
5145,Mohandessin,1,4.8
5146,5th Settlement,5,1.8
5147,Zamalek,2,8.6
5148,Sheikh Zayed,2,6.7
5149,Zamalek,4,8.6
5150,Zamalek,5,5.2
5151,Ain Shams,3,1.7
5152,New Cairo,4,9.4
5153,Ain Shams,1,0.7
5154,Shubra,1,8.7
5155,Helwan,4,2.0
5156,Garden City,2,4.6
5157,Sheikh Zayed,4,4.8
5158,Dokki,2,6.5
5159,6th of October,4,6.0
5160,Ain Shams,5,7.8
5161,Zamalek,5,0.4
5162,Downtown,1,0.9
5163,Shubra,3,3.8
5164,Giza,3,4.7
5165,Manial,3,8.4
5166,Madinaty,5,9.2
5167,Agouza,5,4.9
5168,Manial,5,9.2
5169,Agouza,2,6.6
5170,Zamalek,4,4.7
5171,5th Settlement,5,9.8
5172,Zamalek,3,6.2
5173,New Cairo,3,6.3
5174,Garden City,3,6.0
5175,Giza,2,9.3
5176,Helwan,3,5.7
5177,Giza,5,2.0
5178,New Cairo,3,6.8
5179,Mohandessin,5,6.0
5180,Downtown,3,8.9
5181,Helwan,5,2.0
5182,Mohandessin,4,5.6
5183,Dokki,1,5.9
5184,6th of October,2,7.3
5185,Giza,2,2.1
5186,Madinaty,3,8.9
5187,Madinaty,3,2.5
5188,Rehab,5,9.3
5189,New Cairo,5,3.5
5190,Heliopolis,4,0.8
5191,Shubra,1,8.1
5192,New Cairo,4,0.8
5193,5th Settlement,5,4.6
5194,Sheikh Zayed,5,8.2
5195,New Cairo,1,4.3
5196,Madinaty,5,9.8
5197,Ain Shams,4,1.2
5198,Downtown,2,3.2
5199,Maadi,1,1.3
5200,New Cairo,1,8.5
5201,New Cairo,2,5.5
5202,Ain Shams,2,7.9
5203,Agouza,1,0.5
5204,Giza,5,0.2
5205,6th of October,4,7.2
5206,Garden City,5,2.5
5207,New Cairo,5,6.1
5208,Garden City,2,3.6
5209,Agouza,3,0.3
5210,Dokki,4,7.6
5211,Manial,1,2.1
5212,Zamalek,5,9.5
5213,New Cairo,4,7.4
5214,Garden City,4,1.3
5215,Rehab,5,2.3
5216,Dokki,2,1.7
5217,Nasr City,2,2.9
5218,Ain Shams,5,6.7
5219,Shubra,4,8.6
5220,Heliopolis,1,2.2
5221,Rehab,4,4.1
5222,Shubra,5,1.6
5223,Nasr City,5,7.5
5224,Mohandessin,4,7.7
5225,Sheikh Zayed,3,4.4
5226,Madinaty,5,3.3
5227,Rehab,5,6.2
5228,Downtown,1,2.1
5229,Shubra,2,6.0
5230,Mohandessin,2,7.9
5231,Shubra,3,3.2
5232,6th of October,2,2.6
5233,Madinaty,1,3.9
5234,Agouza,2,6.9
5235,Zamalek,4,6.5
5236,Nasr City,4,7.2
5237,Helwan,4,5.8
5238,Ain Shams,4,0.3
5239,Zamalek,4,9.1
5240,Garden City,3,2.6
5241,New Cairo,4,3.7
5242,Garden City,5,1.7
5243,Manial,5,6.5
5244,Maadi,4,8.1
5245,Garden City,1,3.7
5246,Dokki,1,7.1
5247,5th Settlement,1,6.2
5248,Sheikh Zayed,3,2.6
5249,6th of October,2,4.6
5250,New Cairo,2,8.6
5251,6th of October,2,2.4
5252,Garden City,1,5.3
5253,Agouza,2,6.2
5254,Madinaty,4,3.0
5255,Garden City,1,9.0
5256,Mohandessin,5,8.1
5257,Zamalek,1,7.2
5258,Dokki,5,2.8
5259,Rehab,5,1.3
5260,Dokki,2,7.6
5261,Dokki,2,5.4
5262,Giza,2,7.9
5263,Sheikh Zayed,1,7.7
5264,Maadi,4,5.1
5265,Maadi,4,1.4
5266,Downtown,2,1.6
5267,Helwan,5,8.6
5268,Rehab,2,7.9
5269,Heliopolis,2,4.6
5270,Manial,1,1.7
5271,Shubra,2,0.8
5272,Rehab,5,0.1
5273,Shubra,5,8.0
5274,Shubra,5,5.5
5275,Sheikh Zayed,3,4.7
5276,Agouza,4,7.9
5277,Sheikh Zayed,4,7.5
5278,Madinaty,2,1.8
5279,Mohandessin,1,8.1
5280,Helwan,3,6.0
5281,Ain Shams,4,1.2
5282,Helwan,1,3.8
5283,Mohandessin,1,3.2
5284,Downtown,4,2.2
5285,Downtown,3,8.7
5286,Downtown,1,4.0
5287,Rehab,3,9.0
5288,Rehab,4,4.9
5289,Mohandessin,4,3.8
5290,Maadi,2,1.4
5291,Heliopolis,3,9.5
5292,Helwan,4,3.8
5293,Ain Shams,1,9.1
5294,Helwan,5,6.0
5295,Maadi,4,5.6
5296,Giza,2,0.8
5297,Sheikh Zayed,2,3.2
5298,Heliopolis,2,0.2
5299,5th Settlement,3,7.5
5300,Sheikh Zayed,2,0.7
5301,Helwan,1,6.3
5302,Giza,5,4.5
5303,Manial,3,4.7
5304,Maadi,5,2.9
5305,Rehab,4,5.9
5306,Sheikh Zayed,1,4.4
5307,5th Settlement,5,6.7
5308,Downtown,4,5.1
5309,Rehab,3,3.4
5310,Mohandessin,1,1.5
5311,New Cairo,4,6.2
5312,Maadi,3,2.3
5313,Downtown,2,0.2
5314,Mohandessin,4,4.2
5315,Downtown,4,8.0
5316,New Cairo,2,5.5
5317,Zamalek,2,0.1
5318,New Cairo,4,8.6
5319,Garden City,4,7.9
5320,Dokki,4,9.2
5321,Rehab,3,1.2
5322,Helwan,4,6.2
5323,New Cairo,5,9.6
5324,Giza,3,5.6
5325,Agouza,5,5.3
5326,Manial,2,6.9
5327,Nasr City,4,2.3
5328,Giza,5,4.9
5329,Shubra,1,3.1
5330,6th of October,3,9.5
5331,Downtown,5,1.2
5332,Garden City,2,2.3
5333,Downtown,1,4.7
5334,Sheikh Zayed,3,7.0
5335,Shubra,4,4.2
5336,6th of October,1,5.7
5337,Manial,4,2.5
5338,Zamalek,3,9.5
5339,Maadi,4,9.3
5340,Ain Shams,2,4.1
5341,Nasr City,3,4.2
5342,Heliopolis,3,9.4
5343,Madinaty,4,2.4
5344,Shubra,4,5.9
5345,6th of October,2,8.5
5346,Dokki,3,6.1
5347,Giza,5,1.7
5348,Zamalek,1,3.8
5349,Nasr City,2,0.9
5350,Madinaty,1,5.4
5351,Downtown,1,9.4
5352,Dokki,1,0.1
5353,Helwan,3,1.4
5354,Zamalek,1,6.7
5355,6th of October,3,1.7
5356,Agouza,1,1.1
5357,Manial,1,9.9
5358,Mohandessin,2,8.2
5359,Madinaty,1,9.0
5360,6th of October,5,2.7
5361,Zamalek,5,8.4
5362,Zamalek,4,2.9
5363,New Cairo,2,6.1
5364,Sheikh Zayed,1,6.5
5365,Garden City,3,5.0
5366,Giza,2,0.4
5367,Rehab,3,7.0
5368,6th of October,3,9.5
5369,Shubra,4,6.6
5370,Garden City,3,8.1
5371,Mohandessin,2,6.7
5372,Downtown,1,4.7
5373,Agouza,1,0.9
5374,Rehab,2,1.6
5375,Zamalek,3,1.6
5376,Giza,5,7.7
5377,Madinaty,4,2.5
5378,5th Settlement,5,4.2
5379,Mohandessin,4,3.1
5380,Helwan,2,6.6
5381,Helwan,1,4.0
5382,New Cairo,4,0.6
5383,Madinaty,4,1.9
5384,Shubra,3,6.6
5385,Giza,4,4.6
5386,Agouza,2,6.6
5387,Dokki,3,0.2
5388,Madinaty,3,4.2
5389,Downtown,2,1.6
5390,Madinaty,3,5.2
5391,Dokki,4,9.1
5392,Nasr City,3,0.5
5393,Manial,3,7.1
5394,Heliopolis,4,3.4
5395,Sheikh Zayed,2,7.7
5396,Giza,5,2.2
5397,Shubra,5,2.8
5398,Manial,5,9.9
5399,Maadi,4,2.0
5400,Agouza,5,9.6
5401,Rehab,1,3.0
5402,Nasr City,4,2.9
5403,Zamalek,4,5.9
5404,Ain Shams,4,8.3
5405,Manial,5,9.1
5406,Giza,5,2.4
5407,New Cairo,3,2.3
5408,Maadi,2,8.9
5409,Agouza,3,6.7
5410,Nasr City,5,4.0
5411,Garden City,4,2.4
5412,Nasr City,4,2.5
5413,Zamalek,3,0.6
5414,5th Settlement,4,5.4
5415,6th of October,5,0.3
5416,Madinaty,5,6.7
5417,5th Settlement,3,2.2
5418,Garden City,4,7.8
5419,Giza,2,5.7
5420,Mohandessin,1,5.5
5421,Zamalek,3,6.9
5422,Madinaty,1,6.5
5423,New Cairo,2,1.1
5424,New Cairo,4,6.6
5425,Ain Shams,2,1.7
5426,Helwan,1,7.3
5427,6th of October,3,7.7
5428,5th Settlement,1,10.0
5429,Downtown,1,0.9
5430,Nasr City,2,8.5
5431,New Cairo,2,0.8
5432,Rehab,3,1.2
5433,5th Settlement,4,1.3
5434,Madinaty,5,5.2
5435,Zamalek,3,2.9
5436,Helwan,2,7.9
5437,Mohandessin,5,3.9
5438,Nasr City,5,9.5
5439,Zamalek,1,8.1
5440,Giza,2,1.7
5441,5th Settlement,2,5.3
5442,Helwan,1,4.8
5443,Shubra,4,3.5
5444,Sheikh Zayed,4,1.1
5445,Mohandessin,5,2.2
5446,Agouza,1,6.4
5447,Garden City,4,9.8
5448,Rehab,4,5.6
5449,Helwan,2,3.3
5450,Maadi,4,9.0
5451,Agouza,3,2.0
5452,Helwan,3,0.3
5453,Nasr City,3,4.2
5454,Zamalek,2,8.6
5455,Manial,5,8.4
5456,Heliopolis,5,5.7
5457,Madinaty,5,1.4
5458,Giza,1,10.0
5459,Maadi,3,6.3
5460,5th Settlement,4,2.5
5461,Heliopolis,1,3.0
5462,Downtown,3,9.4
5463,Downtown,3,8.2
5464,Ain Shams,1,3.5
5465,Helwan,1,9.8
5466,6th of October,4,5.0
5467,6th of October,3,0.3
5468,Zamalek,2,1.9
5469,Manial,5,9.3
5470,Helwan,1,8.5
5471,New Cairo,3,1.0
5472,Heliopolis,2,3.3
5473,Agouza,1,5.8
5474,New Cairo,3,2.4
5475,5th Settlement,5,8.4
5476,Zamalek,5,9.1
5477,5th Settlement,3,9.4
5478,6th of October,1,9.1
5479,Maadi,3,9.0
5480,Ain Shams,1,9.2
5481,New Cairo,1,6.6
5482,Heliopolis,5,1.5
5483,Madinaty,1,0.1
5484,Helwan,4,4.7
5485,New Cairo,2,5.5
5486,5th Settlement,2,5.9
5487,Dokki,2,0.9
5488,Agouza,1,6.5
5489,Nasr City,4,6.3
5490,Downtown,2,2.3
5491,Sheikh Zayed,2,7.4
5492,Nasr City,5,9.9
5493,Agouza,2,8.8
5494,Garden City,1,5.0
5495,Manial,4,4.4
5496,Sheikh Zayed,3,2.0
5497,Shubra,5,3.5
5498,Agouza,3,4.2
5499,Manial,1,2.8
5500,New Cairo,5,7.1
5501,Heliopolis,4,5.0
5502,New Cairo,2,5.9
5503,Agouza,1,5.8
5504,Garden City,2,9.7
5505,Garden City,2,7.1
5506,Zamalek,4,7.5
5507,Mohandessin,3,1.4
5508,Agouza,1,9.6
5509,Heliopolis,1,6.6
5510,Giza,2,4.2
5511,Downtown,1,4.5
5512,Giza,4,8.7
5513,Sheikh Zayed,3,3.8
5514,Mohandessin,2,4.5
5515,Helwan,2,2.1
5516,Garden City,4,8.7
5517,New Cairo,4,4.9
5518,Nasr City,4,0.6
5519,Maadi,1,4.7
5520,Sheikh Zayed,3,7.5
5521,Heliopolis,3,2.1
5522,New Cairo,2,1.5
5523,Nasr City,4,4.3
5524,Sheikh Zayed,1,7.9
5525,Helwan,3,5.9
5526,Rehab,2,6.5
5527,New Cairo,4,6.9
5528,New Cairo,2,9.6
5529,Rehab,2,4.9
5530,Garden City,4,0.3
5531,5th Settlement,5,3.9
5532,Downtown,1,6.5
5533,Helwan,5,2.7
5534,Heliopolis,3,2.6
5535,Sheikh Zayed,3,8.6
5536,Nasr City,1,7.5
5537,Heliopolis,2,5.7
5538,New Cairo,2,9.0
5539,5th Settlement,5,7.6
5540,Sheikh Zayed,2,5.8
5541,Sheikh Zayed,1,6.3
5542,Nasr City,3,1.6
5543,5th Settlement,4,7.7
5544,Nasr City,4,5.7
5545,Heliopolis,3,2.0
5546,Ain Shams,3,7.2
5547,New Cairo,5,7.0
5548,Shubra,5,2.1
5549,Helwan,1,5.7
5550,Manial,2,3.9
5551,Giza,1,8.9
5552,Helwan,4,8.6
5553,5th Settlement,3,7.6
5554,Ain Shams,5,5.0
5555,Zamalek,1,0.3
5556,Downtown,2,5.7
5557,Maadi,2,4.2
5558,5th Settlement,1,4.7
5559,5th Settlement,4,1.1
5560,Garden City,2,7.2
5561,Heliopolis,1,2.3
5562,Agouza,4,2.6
5563,New Cairo,5,1.3
5564,Mohandessin,1,8.9
5565,Garden City,5,3.5
5566,New Cairo,5,1.3
5567,Garden City,1,5.4
5568,New Cairo,5,4.8
5569,Nasr City,4,1.8
5570,Mohandessin,4,8.2
5571,Heliopolis,1,8.9
5572,Garden City,5,5.1
5573,Ain Shams,3,2.8
5574,Rehab,5,9.4
5575,Nasr City,1,7.0
5576,Agouza,1,9.8
5577,Mohandessin,2,6.7
5578,Garden City,1,8.2
5579,Mohandessin,2,7.4
5580,6th of October,4,2.1
5581,Rehab,2,0.7
5582,Maadi,1,6.2
5583,Mohandessin,3,7.3
5584,6th of October,4,6.3
5585,Zamalek,2,1.6
5586,Nasr City,2,4.8
5587,5th Settlement,2,3.8
5588,Ain Shams,1,6.9
5589,Dokki,2,0.9
5590,Ain Shams,1,0.8
5591,Dokki,3,4.4
5592,5th Settlement,5,7.2
5593,Agouza,5,9.5
5594,Rehab,2,9.8
5595,Manial,5,8.3
5596,Mohandessin,4,6.6
5597,Manial,4,4.3
5598,New Cairo,5,2.9
5599,Nasr City,2,2.2
5600,Shubra,5,4.1
5601,Zamalek,5,4.7
5602,Downtown,1,1.2
5603,5th Settlement,1,2.4
5604,Shubra,5,5.6
5605,Downtown,1,7.2
5606,5th Settlement,2,5.2
5607,Garden City,1,8.0
5608,Manial,5,5.1
5609,Garden City,5,8.9
5610,Giza,5,5.6
5611,New Cairo,3,5.4
5612,Downtown,2,3.4
5613,Madinaty,2,0.5
5614,Garden City,1,1.5
5615,Manial,4,5.2
5616,5th Settlement,1,0.8
5617,Giza,4,7.4
5618,New Cairo,3,1.7
5619,Nasr City,1,0.4
5620,Nasr City,1,7.8
5621,Dokki,5,0.9
5622,Mohandessin,4,0.9
5623,Heliopolis,4,9.5
5624,5th Settlement,3,7.9
5625,Manial,1,0.7
5626,Helwan,3,7.2
5627,Heliopolis,5,3.9
5628,6th of October,3,6.5
5629,5th Settlement,2,1.7
5630,Agouza,5,6.0
5631,Madinaty,5,4.8
5632,Zamalek,2,9.1
5633,6th of October,5,1.8
5634,Maadi,3,6.3
5635,Maadi,5,3.9
5636,Nasr City,1,4.4
5637,Nasr City,3,6.0
5638,Shubra,3,8.9
5639,Zamalek,3,6.4
5640,New Cairo,5,7.3
5641,Shubra,5,1.6
5642,Ain Shams,2,1.3
5643,Sheikh Zayed,2,8.0
5644,Helwan,1,9.9
5645,Dokki,5,3.7
5646,Maadi,5,3.8
5647,Madinaty,1,7.2
5648,Garden City,4,4.1
5649,Manial,5,6.1
5650,Helwan,1,4.7
5651,Sheikh Zayed,2,7.7
5652,Maadi,3,1.3
5653,Heliopolis,4,8.0
5654,Sheikh Zayed,1,2.6
5655,Sheikh Zayed,1,8.9
5656,New Cairo,2,2.7
5657,Madinaty,4,5.5
5658,Garden City,5,8.8
5659,Mohandessin,5,2.0
5660,Shubra,3,6.5
5661,Zamalek,2,2.5
5662,Manial,3,7.0
5663,Sheikh Zayed,5,7.3
5664,6th of October,4,6.5
5665,Nasr City,2,3.0
5666,Downtown,3,8.8
5667,Sheikh Zayed,4,7.3
5668,6th of October,3,2.2
5669,Maadi,4,0.9
5670,Shubra,2,3.0
5671,Helwan,3,3.6
5672,Maadi,2,8.7
5673,Garden City,3,4.1
5674,Dokki,3,3.5
5675,Nasr City,1,2.0
5676,6th of October,4,4.8
5677,6th of October,5,7.9
5678,Sheikh Zayed,5,5.8
5679,Nasr City,2,9.2
5680,Helwan,2,7.3
5681,Sheikh Zayed,5,5.6
5682,New Cairo,3,1.9
5683,Downtown,4,7.3
5684,Maadi,3,6.1
5685,Maadi,3,0.5
5686,Mohandessin,2,2.5
5687,Helwan,2,9.7
5688,New Cairo,5,8.3
5689,Heliopolis,4,3.2
5690,Downtown,1,7.3
5691,Manial,4,1.0
5692,Heliopolis,5,5.3
5693,Mohandessin,2,0.6
5694,Mohandessin,4,6.0
5695,Shubra,3,2.2
5696,Maadi,4,10.0
5697,Zamalek,1,8.6
5698,Manial,5,9.2
5699,Giza,4,5.0
5700,Sheikh Zayed,4,1.0
5701,Sheikh Zayed,1,7.8
5702,Dokki,2,0.2
5703,Nasr City,5,8.2
5704,Ain Shams,1,1.2
5705,Manial,5,5.5
5706,Garden City,4,9.3
5707,Madinaty,3,3.4
5708,Manial,1,7.3
5709,Ain Shams,1,9.6
5710,Mohandessin,4,8.8
5711,Helwan,2,3.7
5712,Zamalek,3,8.9
5713,Heliopolis,5,6.1
5714,Agouza,3,6.4
5715,6th of October,2,1.2
5716,Sheikh Zayed,4,2.4
5717,Nasr City,5,3.5
5718,Ain Shams,2,1.5
5719,Dokki,2,1.8
5720,Sheikh Zayed,2,6.1
5721,Rehab,3,0.8
5722,Ain Shams,1,3.4
5723,Maadi,3,1.0
5724,5th Settlement,4,1.4
5725,Maadi,3,9.4
5726,Giza,2,6.3
5727,Shubra,4,5.0
5728,Maadi,5,4.4
5729,Heliopolis,2,7.0
5730,Nasr City,1,4.3
5731,Maadi,5,9.4
5732,Helwan,4,8.9
5733,Manial,1,4.0
5734,Nasr City,4,8.2
5735,Rehab,1,1.6
5736,Mohandessin,1,3.3
5737,Mohandessin,3,9.5
5738,Helwan,1,9.0
5739,Sheikh Zayed,5,8.2
5740,Agouza,1,1.9
5741,Madinaty,4,4.9
5742,Downtown,5,7.7
5743,Sheikh Zayed,3,2.2
5744,Maadi,1,3.0
5745,5th Settlement,1,2.5
5746,Rehab,2,8.0
5747,Garden City,4,3.5
5748,5th Settlement,5,8.6
5749,Maadi,2,1.5
5750,Helwan,5,2.4
5751,Maadi,1,7.3
5752,Rehab,1,6.7
5753,Maadi,5,6.1
5754,Agouza,5,3.7
5755,6th of October,3,7.1
5756,Nasr City,4,5.8
5757,Agouza,2,9.9
5758,Manial,5,4.1
5759,Ain Shams,5,6.3
5760,Shubra,3,5.8
5761,Manial,5,8.3
5762,Rehab,1,7.5
5763,6th of October,2,8.9
5764,Helwan,5,5.4
5765,Agouza,2,3.9
5766,Agouza,1,1.6
5767,Sheikh Zayed,3,3.0
5768,Mohandessin,2,5.7
5769,Heliopolis,2,8.9
5770,Garden City,3,8.4
5771,Ain Shams,4,7.8
5772,Maadi,4,5.7
5773,Nasr City,5,6.3
5774,Shubra,1,4.8
5775,Ain Shams,1,4.6
5776,Dokki,2,6.5
5777,Garden City,5,3.2
5778,Giza,5,6.1
5779,Garden City,5,9.1
5780,5th Settlement,1,1.5
5781,6th of October,1,8.4
5782,Ain Shams,1,9.0
5783,Agouza,5,9.8
5784,Nasr City,5,4.4
5785,Downtown,4,8.1
5786,Helwan,5,5.9
5787,Ain Shams,3,6.8
5788,5th Settlement,4,1.0
5789,Helwan,4,5.8
5790,Mohandessin,1,6.3
5791,Ain Shams,1,5.7
5792,Downtown,2,6.8
5793,Giza,5,8.1
5794,Heliopolis,3,3.4
5795,New Cairo,4,8.4
5796,Garden City,5,5.5
5797,6th of October,5,8.0
5798,Maadi,1,2.8
5799,Dokki,4,8.3
5800,Nasr City,1,7.5
5801,Sheikh Zayed,4,6.7
5802,Shubra,1,6.0
5803,Heliopolis,4,10.0
5804,Zamalek,1,5.1
5805,Manial,3,6.7
5806,Nasr City,1,8.3
5807,Shubra,5,9.5
5808,New Cairo,1,0.7
5809,Manial,1,3.0
5810,Giza,1,8.6
5811,Dokki,5,4.6
5812,Agouza,4,2.0
5813,Downtown,1,6.5
5814,Garden City,3,7.3
5815,Madinaty,4,2.8
5816,6th of October,4,4.5
5817,Rehab,2,1.7
5818,Ain Shams,2,7.3
5819,Helwan,1,6.0
5820,Zamalek,4,5.6
5821,Madinaty,4,7.3
5822,Dokki,5,9.2
5823,Manial,1,7.0
5824,New Cairo,1,7.7
5825,Sheikh Zayed,5,4.0
5826,Mohandessin,2,2.7
5827,Garden City,1,2.1
5828,Giza,3,9.4
5829,Dokki,2,7.2
5830,Shubra,1,3.5
5831,Zamalek,4,4.7
5832,Dokki,1,0.2
5833,Dokki,1,0.9
5834,Garden City,4,3.9
5835,Sheikh Zayed,3,2.5
5836,Madinaty,5,1.4
5837,Helwan,4,5.8
5838,Mohandessin,4,1.3
5839,5th Settlement,3,0.8
5840,Agouza,1,3.1
5841,Dokki,5,7.3
5842,Downtown,4,3.3
5843,Maadi,1,3.0
5844,6th of October,1,4.4
5845,Mohandessin,3,2.4
5846,Shubra,4,8.3
5847,Downtown,4,5.4
5848,Madinaty,5,7.4
5849,Dokki,1,1.8
5850,Dokki,1,0.2
5851,Agouza,5,8.8
5852,Heliopolis,2,8.3
5853,Ain Shams,2,2.7
5854,Giza,4,5.8
5855,Manial,4,7.9
5856,Ain Shams,2,2.4
5857,5th Settlement,2,8.8
5858,Sheikh Zayed,2,8.8
5859,Giza,4,5.5
5860,Garden City,5,0.4
5861,Nasr City,4,7.5
5862,Agouza,5,7.9
5863,Ain Shams,4,7.2
5864,Heliopolis,4,6.8
5865,Maadi,4,4.8
5866,Madinaty,2,8.6
5867,Sheikh Zayed,2,9.0
5868,Nasr City,3,8.6
5869,Shubra,5,7.7
5870,Dokki,2,1.5
5871,Helwan,3,2.3
5872,Zamalek,4,6.8
5873,Helwan,1,6.8
5874,5th Settlement,4,7.8
5875,New Cairo,4,9.4
5876,Zamalek,5,5.7
5877,Dokki,1,6.5
5878,Downtown,3,9.8
5879,Rehab,5,5.7
5880,5th Settlement,5,9.6
5881,New Cairo,2,5.4
5882,Manial,5,4.4
5883,5th Settlement,1,3.0
5884,Downtown,1,9.5
5885,Maadi,5,8.5
5886,Garden City,5,6.9
5887,Manial,3,4.4
5888,6th of October,2,5.1
5889,Manial,3,3.1
5890,Manial,5,8.5
5891,Zamalek,1,5.6
5892,Rehab,5,2.9
5893,Maadi,4,5.1
5894,Dokki,2,1.0
5895,Shubra,4,9.0
5896,Mohandessin,5,4.0
5897,Dokki,1,7.7
5898,Rehab,3,9.3
5899,Zamalek,5,3.9
5900,Rehab,4,0.7
5901,Madinaty,4,6.1
5902,Manial,5,5.5
5903,Sheikh Zayed,4,9.2
5904,Downtown,2,7.2
5905,Agouza,2,3.3
5906,Maadi,5,5.0
5907,Sheikh Zayed,1,3.3
5908,Dokki,2,4.0
5909,New Cairo,1,3.7
5910,Helwan,4,6.7
5911,Manial,3,3.9
5912,Agouza,1,6.9
5913,Heliopolis,2,0.4
5914,5th Settlement,2,2.9
5915,Giza,3,7.8
5916,Dokki,5,2.8
5917,Agouza,4,4.0
5918,Helwan,5,2.0
5919,Garden City,2,3.0
5920,Agouza,3,6.9
5921,Garden City,2,7.9
5922,Agouza,1,5.5
5923,Dokki,3,3.5
5924,Giza,2,0.9
5925,Giza,4,5.4
5926,Giza,4,1.9
5927,Agouza,2,1.8
5928,Agouza,2,4.1
5929,Garden City,3,8.7
5930,Helwan,1,5.3
5931,Sheikh Zayed,1,2.3
5932,Shubra,3,5.6
5933,Madinaty,5,3.7
5934,Shubra,5,2.7
5935,Manial,3,3.3
5936,6th of October,3,7.6
5937,Mohandessin,3,2.3
5938,Heliopolis,5,6.3
5939,Zamalek,1,8.3
5940,Manial,4,9.1
5941,Mohandessin,5,1.7
5942,Giza,5,8.3
5943,Maadi,1,2.4
5944,Mohandessin,4,8.4
5945,Giza,3,3.1
5946,Giza,3,4.6
5947,Mohandessin,2,2.1
5948,Mohandessin,4,3.7
5949,Sheikh Zayed,1,4.8
5950,Ain Shams,4,2.5
5951,Maadi,1,8.5
5952,New Cairo,2,9.6
5953,Heliopolis,3,7.0
5954,Zamalek,1,9.5
5955,Dokki,4,7.8
5956,Sheikh Zayed,1,3.9
5957,Sheikh Zayed,4,7.0
5958,Manial,2,5.7
5959,Nasr City,3,7.6
5960,Garden City,5,3.7
5961,Helwan,4,5.3
5962,Downtown,3,1.7
5963,Ain Shams,4,5.6
5964,Giza,5,0.7
5965,Rehab,5,5.1
5966,6th of October,2,4.5
5967,Giza,5,1.5
5968,New Cairo,5,3.4
5969,Agouza,4,6.4
5970,Giza,5,9.6
5971,Sheikh Zayed,2,3.0
5972,Manial,1,3.1
5973,Ain Shams,3,9.7
5974,Nasr City,1,0.4
5975,6th of October,3,0.5
5976,Agouza,2,6.4
5977,Garden City,2,0.8
5978,Heliopolis,3,6.5
5979,Zamalek,2,8.7
5980,Giza,4,0.2
5981,Mohandessin,4,0.4
5982,Dokki,1,5.6
5983,6th of October,5,2.9
5984,Shubra,4,5.3
5985,Madinaty,2,5.9
5986,Garden City,4,5.0
5987,Rehab,3,4.5
5988,Downtown,1,6.5
5989,Sheikh Zayed,2,1.4
5990,6th of October,2,9.2
5991,Zamalek,5,9.5
5992,Dokki,5,2.3
5993,Heliopolis,2,8.1
5994,Zamalek,2,2.0
5995,Downtown,1,2.1
5996,Manial,1,6.3
5997,Nasr City,1,0.7
5998,Ain Shams,3,5.2
5999,Mohandessin,5,4.9
6000,Nasr City,5,4.7
6001,Madinaty,4,1.7
6002,Zamalek,4,5.2
6003,Dokki,3,1.9
6004,Giza,3,4.9
6005,Helwan,5,7.5
6006,Madinaty,2,6.3
6007,Agouza,1,3.9
6008,Manial,1,3.3
6009,Rehab,4,5.2
6010,5th Settlement,2,9.0
6011,Shubra,1,7.3
6012,Dokki,4,5.5
6013,Madinaty,2,9.6
6014,Mohandessin,2,0.7
6015,Mohandessin,5,4.5
6016,Dokki,1,6.6
6017,Dokki,2,3.3
6018,Agouza,5,5.8
6019,Ain Shams,2,2.2
6020,Ain Shams,3,9.6
6021,Agouza,1,6.6
6022,Garden City,5,6.4
6023,Garden City,2,5.6
6024,Helwan,2,3.3
6025,5th Settlement,2,7.9
6026,6th of October,3,3.3
6027,Madinaty,4,4.2
6028,Madinaty,2,7.4
6029,Shubra,3,1.7
6030,Nasr City,5,2.5
6031,New Cairo,5,3.4
6032,Madinaty,5,8.1
6033,Heliopolis,2,7.2
6034,Manial,5,8.9
6035,Dokki,5,4.4
6036,Zamalek,2,1.8
6037,Garden City,5,0.6
6038,Sheikh Zayed,4,4.7
6039,Mohandessin,4,7.2
6040,Giza,2,7.1
6041,5th Settlement,5,5.8
6042,Downtown,1,2.5
6043,Heliopolis,2,8.1
6044,Shubra,1,8.0
6045,Dokki,1,5.5
6046,New Cairo,5,8.8
6047,Rehab,5,4.9
6048,Agouza,4,5.1
6049,Mohandessin,3,3.6
6050,Helwan,2,6.7
6051,5th Settlement,4,2.4
6052,Maadi,2,9.3
6053,6th of October,2,0.3
6054,Zamalek,5,9.2
6055,Agouza,3,8.6
6056,Zamalek,3,1.2
6057,Dokki,2,8.4
6058,Agouza,1,8.7
6059,Downtown,5,0.3
6060,Agouza,3,1.8
6061,Zamalek,3,6.7
6062,New Cairo,5,2.1
6063,Manial,2,2.0
6064,Agouza,4,9.1
6065,Zamalek,2,9.9
6066,Madinaty,1,6.9
6067,Heliopolis,2,6.1
6068,Downtown,2,4.0
6069,Dokki,1,1.2
6070,Rehab,4,8.7
6071,Downtown,1,4.7
6072,Zamalek,1,1.2
6073,Shubra,1,1.2
6074,Dokki,1,1.4
6075,Maadi,4,1.3
6076,Giza,5,1.4
6077,Garden City,2,7.6
6078,Mohandessin,1,9.3
6079,Mohandessin,4,3.0
6080,Mohandessin,5,3.9
6081,Dokki,4,0.2
6082,6th of October,5,6.5
6083,6th of October,2,1.1
6084,6th of October,1,1.1
6085,Shubra,5,7.9
6086,Giza,1,1.5
6087,Giza,2,5.8
6088,6th of October,4,1.6
6089,Agouza,2,1.4
6090,Helwan,3,7.0
6091,Zamalek,1,7.2
6092,Mohandessin,5,8.1
6093,Downtown,5,6.0
6094,Nasr City,1,5.0
6095,Rehab,1,2.4
6096,Mohandessin,4,1.5
6097,5th Settlement,3,9.4
6098,Shubra,3,5.4
6099,Downtown,2,7.6
6100,New Cairo,1,8.5
6101,Downtown,1,8.9
6102,Madinaty,1,1.5
6103,Helwan,5,4.3
6104,Garden City,5,1.7
6105,Maadi,2,5.0
6106,Maadi,4,6.0
6107,Zamalek,4,7.2
6108,Agouza,1,4.3
6109,Downtown,2,4.2
6110,Sheikh Zayed,1,8.6
6111,New Cairo,2,3.5
6112,Nasr City,2,8.3
6113,6th of October,1,7.0
6114,Heliopolis,1,2.6
6115,Shubra,4,6.2
6116,Rehab,3,5.7
6117,6th of October,5,4.3
6118,Rehab,5,0.7
6119,Helwan,3,6.8
6120,Dokki,2,2.9
6121,Heliopolis,2,2.6
6122,New Cairo,4,8.4
6123,Heliopolis,1,4.4
6124,Heliopolis,5,5.6
6125,Mohandessin,1,1.3
6126,Ain Shams,5,8.1
6127,Rehab,4,2.4
6128,Zamalek,4,2.8
6129,Sheikh Zayed,1,1.7
6130,Sheikh Zayed,1,5.5
6131,Helwan,4,8.1
6132,Agouza,1,1.2
6133,Heliopolis,3,8.7
6134,Rehab,1,7.1
6135,Maadi,4,2.0
6136,Garden City,1,4.6
6137,Garden City,3,4.7
6138,Maadi,3,0.9
6139,Sheikh Zayed,3,3.7
6140,Mohandessin,4,5.0
6141,Mohandessin,1,1.8
6142,Ain Shams,2,0.3
6143,Sheikh Zayed,3,3.6
6144,Ain Shams,5,4.5
6145,Nasr City,2,2.6
6146,Nasr City,3,1.3
6147,Mohandessin,5,2.1
6148,Rehab,3,4.1
6149,Shubra,4,8.4
6150,Zamalek,3,8.2
6151,Sheikh Zayed,2,5.9
6152,Madinaty,1,8.3
6153,New Cairo,4,0.4
6154,Heliopolis,3,4.2
6155,Agouza,1,9.7
6156,Heliopolis,1,7.6
6157,Madinaty,4,4.5
6158,New Cairo,1,1.3
6159,New Cairo,5,0.3
6160,5th Settlement,1,2.4
6161,Agouza,3,8.2
6162,Giza,2,5.8
6163,Zamalek,3,6.7
6164,Maadi,3,7.9
6165,Sheikh Zayed,1,6.1
6166,6th of October,5,8.1
6167,Shubra,5,8.2
6168,Madinaty,2,5.3
6169,Mohandessin,4,6.5
6170,Heliopolis,4,5.9
6171,5th Settlement,3,3.9
6172,Shubra,1,1.1
6173,Madinaty,3,1.6
6174,Madinaty,4,9.5
6175,Garden City,2,5.8
6176,Giza,4,8.3
6177,Sheikh Zayed,5,1.9
6178,Agouza,5,6.0
6179,Manial,4,9.1
6180,Zamalek,3,8.1
6181,Ain Shams,2,1.7
6182,Rehab,1,0.4
6183,5th Settlement,2,5.2
6184,Ain Shams,1,1.1
6185,Nasr City,3,8.4
6186,5th Settlement,1,1.0
6187,Manial,5,2.4
6188,Sheikh Zayed,5,5.2
6189,Downtown,1,4.5
6190,Rehab,1,0.9
6191,5th Settlement,5,7.3
6192,6th of October,5,6.3
6193,Zamalek,5,0.4
6194,New Cairo,3,9.3
6195,Dokki,1,5.4
6196,Helwan,5,4.6
6197,Garden City,5,5.2
6198,Sheikh Zayed,3,9.8
6199,Nasr City,5,4.4
6200,Nasr City,3,1.8
6201,Ain Shams,4,5.4
6202,Zamalek,2,3.3
6203,Shubra,5,8.4
6204,Manial,4,0.9
6205,Zamalek,2,1.0
6206,Madinaty,5,5.2
6207,Dokki,5,2.8
6208,5th Settlement,5,6.7
6209,Shubra,5,1.6
6210,Madinaty,1,9.4
6211,Agouza,3,2.7
6212,Heliopolis,3,2.4
6213,Zamalek,5,9.1
6214,Helwan,4,4.3
6215,5th Settlement,2,0.5
6216,6th of October,5,1.9
6217,Giza,4,5.6
6218,Rehab,5,3.6
6219,Shubra,2,8.0
6220,Maadi,5,3.0
6221,6th of October,5,9.3
6222,5th Settlement,2,3.8
6223,Manial,4,7.2
6224,Rehab,5,0.4
6225,Zamalek,4,3.2
6226,5th Settlement,3,0.2
6227,Downtown,2,1.1
6228,Helwan,5,9.8
6229,Ain Shams,3,7.6
6230,Downtown,1,5.5
6231,Agouza,2,5.1
6232,Shubra,5,2.7
6233,Garden City,5,7.0
6234,Ain Shams,2,0.5
6235,Shubra,4,9.9
6236,Sheikh Zayed,4,1.6
6237,Zamalek,4,6.1
6238,Zamalek,1,0.3
6239,Mohandessin,1,3.1
6240,Garden City,3,5.9
6241,Manial,2,6.6
6242,Mohandessin,4,10.0
6243,Mohandessin,4,1.2
6244,Nasr City,3,7.2
6245,Garden City,1,1.9
6246,Giza,5,9.2
6247,Shubra,3,5.2
6248,Nasr City,2,7.8
6249,New Cairo,3,3.7
6250,New Cairo,1,5.0
6251,Ain Shams,3,6.2
6252,Mohandessin,3,6.5
6253,Agouza,4,2.8
6254,Zamalek,4,4.1
6255,Madinaty,1,7.6
6256,Downtown,3,7.7
6257,Agouza,5,6.0
6258,5th Settlement,5,6.3
6259,Nasr City,4,9.6
6260,5th Settlement,2,4.7
6261,Zamalek,4,1.1
6262,Sheikh Zayed,1,2.8
6263,Giza,5,7.9
6264,Shubra,4,1.9
6265,5th Settlement,4,9.5
6266,5th Settlement,5,6.2
6267,Garden City,5,8.1
6268,Manial,5,4.0
6269,Sheikh Zayed,4,4.5
6270,Zamalek,3,5.7
6271,New Cairo,3,3.5
6272,Maadi,1,8.1
6273,Downtown,5,1.3
6274,Maadi,4,6.8
6275,Garden City,4,9.9
6276,Maadi,3,8.9
6277,Madinaty,1,1.2
6278,Maadi,2,4.3
6279,5th Settlement,5,8.3
6280,Mohandessin,4,8.1
6281,Ain Shams,2,3.2
6282,Agouza,3,1.1
6283,Manial,1,3.3
6284,Nasr City,1,3.9
6285,Agouza,3,0.3
6286,6th of October,5,8.1
6287,New Cairo,2,9.7
6288,Shubra,4,0.6
6289,New Cairo,5,6.9
6290,Ain Shams,4,6.2
6291,Giza,4,4.2
6292,Nasr City,3,2.7
6293,Helwan,4,3.2
6294,Giza,5,7.6
6295,Agouza,4,8.9
6296,6th of October,3,7.8
6297,Mohandessin,5,9.7
6298,Nasr City,4,8.1
6299,Helwan,3,1.4
6300,Shubra,2,8.0
6301,Dokki,4,8.6
6302,6th of October,1,3.4
6303,Giza,5,1.2
6304,Garden City,1,6.1
6305,Ain Shams,2,0.2
6306,Heliopolis,2,8.6
6307,Dokki,4,1.6
6308,Madinaty,4,4.3
6309,Downtown,3,3.2
6310,Shubra,1,6.2
6311,Dokki,3,1.1
6312,Heliopolis,1,7.1
6313,Sheikh Zayed,3,3.8
6314,Sheikh Zayed,4,5.4
6315,Nasr City,5,9.9
6316,Madinaty,5,0.2
6317,Shubra,4,5.2
6318,5th Settlement,2,7.1
6319,Zamalek,2,2.0
6320,Helwan,4,5.8
6321,Nasr City,3,9.3
6322,Ain Shams,3,4.5
6323,Ain Shams,1,8.5
6324,Heliopolis,2,1.6
6325,Sheikh Zayed,3,0.6
6326,Madinaty,3,2.4
6327,Helwan,5,2.4
6328,5th Settlement,1,7.3
6329,Helwan,2,4.7
6330,New Cairo,5,3.7
6331,Downtown,1,1.8
6332,Garden City,5,6.8
6333,New Cairo,3,3.3
6334,New Cairo,1,8.0
6335,Ain Shams,3,0.4
6336,Helwan,3,3.1
6337,Giza,2,6.6
6338,Zamalek,1,8.7
6339,Mohandessin,2,1.5
6340,Rehab,3,9.4
6341,Manial,4,7.7
6342,Manial,1,6.9
6343,Shubra,2,4.6
6344,6th of October,2,2.5
6345,Nasr City,2,4.9
6346,5th Settlement,5,8.7
6347,Dokki,1,3.9
6348,Helwan,1,9.0
6349,Maadi,1,6.6
6350,Shubra,2,6.1
6351,New Cairo,3,8.3
6352,Mohandessin,1,7.2
6353,Garden City,3,3.9
6354,Sheikh Zayed,2,7.2
6355,Garden City,3,2.7
6356,6th of October,1,8.5
6357,Heliopolis,5,0.5
6358,Shubra,4,0.8
6359,6th of October,5,4.8
6360,Ain Shams,3,9.1
6361,New Cairo,3,9.9
6362,Helwan,3,2.6
6363,Maadi,5,2.7
6364,5th Settlement,3,2.2
6365,Madinaty,5,6.9
6366,Rehab,5,6.2
6367,Giza,2,1.2
6368,Heliopolis,2,6.5
6369,Sheikh Zayed,5,5.4
6370,5th Settlement,4,6.6
6371,Agouza,5,8.1
6372,Agouza,5,4.3
6373,Downtown,5,5.2
6374,Giza,4,0.7
6375,Downtown,4,5.8
6376,Rehab,2,1.1
6377,Garden City,1,2.6
6378,Manial,5,8.1
6379,Shubra,3,7.5
6380,Downtown,2,1.8
6381,Garden City,5,8.3
6382,Sheikh Zayed,2,4.6
6383,Heliopolis,2,2.5
6384,5th Settlement,4,9.8
6385,Dokki,5,0.4
6386,Dokki,5,2.2
6387,Maadi,5,8.7
6388,Mohandessin,2,5.6
6389,Maadi,1,1.5
6390,Garden City,2,0.2
6391,Nasr City,1,8.9
6392,Shubra,4,6.9
6393,Heliopolis,1,4.4
6394,Sheikh Zayed,5,9.1
6395,5th Settlement,4,6.7
6396,Heliopolis,1,7.2
6397,6th of October,2,5.5
6398,Zamalek,3,3.8
6399,Garden City,5,0.7
6400,Giza,2,3.0
6401,Zamalek,5,6.4
6402,Maadi,4,5.2
6403,5th Settlement,2,2.8
6404,6th of October,4,2.0
6405,Agouza,3,8.7
6406,Heliopolis,1,8.3
6407,Nasr City,4,0.1
6408,Shubra,2,8.4
6409,New Cairo,3,0.1
6410,Agouza,4,9.5
6411,Zamalek,3,4.4
6412,Maadi,4,0.3
6413,Shubra,4,4.4
6414,Zamalek,1,2.8
6415,Shubra,3,9.1
6416,Zamalek,1,3.1
6417,Garden City,3,7.1
6418,Rehab,5,0.1
6419,Shubra,5,3.3
6420,Agouza,3,8.2
6421,Madinaty,1,7.7
6422,Nasr City,3,5.3
6423,Mohandessin,4,7.8
6424,Mohandessin,3,4.3
6425,Shubra,5,5.6
6426,Agouza,5,7.3
6427,Shubra,5,4.1
6428,Nasr City,5,4.6
6429,Ain Shams,5,2.4
6430,Agouza,1,5.6
6431,Madinaty,5,4.8
6432,Nasr City,3,0.8
6433,Ain Shams,2,8.0
6434,Zamalek,5,3.7
6435,Shubra,1,4.6
6436,Garden City,2,7.0
6437,Zamalek,2,0.3
6438,Helwan,4,4.4
6439,Sheikh Zayed,5,8.5
6440,Dokki,4,5.6
6441,Zamalek,5,0.2
6442,Agouza,3,8.6
6443,Zamalek,4,9.4
6444,Sheikh Zayed,3,3.7
6445,Heliopolis,4,9.7
6446,6th of October,1,4.9
6447,Downtown,4,6.7
6448,Manial,2,3.0
6449,Heliopolis,5,7.9
6450,5th Settlement,2,6.8
6451,Manial,5,2.9
6452,Downtown,4,4.1
6453,Dokki,2,2.7
6454,Madinaty,3,6.1
6455,Zamalek,4,5.2
6456,New Cairo,3,0.6
6457,Downtown,1,2.7
6458,Helwan,3,8.3
6459,Maadi,3,3.8
6460,Sheikh Zayed,2,4.4
6461,Agouza,2,0.1
6462,Helwan,4,1.4
6463,Agouza,1,8.3
6464,Maadi,1,9.4
6465,Garden City,3,6.4
6466,Maadi,4,4.2
6467,Downtown,3,1.8
6468,Madinaty,2,8.5
6469,5th Settlement,5,5.1
6470,New Cairo,1,3.3
6471,Madinaty,5,0.7
6472,Sheikh Zayed,2,6.6
6473,New Cairo,4,1.7
6474,Downtown,4,2.5
6475,5th Settlement,3,0.8
6476,Zamalek,1,0.2
6477,5th Settlement,1,7.9
6478,Agouza,3,1.0
6479,Manial,2,9.7
6480,Heliopolis,1,8.5
6481,Ain Shams,1,3.2
6482,Maadi,3,7.5
6483,Rehab,1,2.4
6484,Downtown,2,8.2
6485,Rehab,1,0.5
6486,Agouza,3,8.1
6487,Nasr City,4,6.8
6488,Zamalek,5,2.6
6489,6th of October,5,5.8
6490,6th of October,2,7.1
6491,Downtown,5,8.1
6492,Ain Shams,5,5.3
6493,Mohandessin,4,5.6
6494,Manial,3,3.5
6495,Madinaty,1,2.9
6496,Zamalek,5,4.2
6497,Sheikh Zayed,2,8.0
6498,Mohandessin,3,9.8
6499,Zamalek,2,8.1
6500,Zamalek,1,9.0
6501,Maadi,2,2.7
6502,5th Settlement,5,3.6
6503,Dokki,1,4.1
6504,6th of October,2,4.7
6505,Helwan,4,9.7
6506,Garden City,3,2.6
6507,Downtown,4,8.7
6508,Shubra,3,5.3
6509,Ain Shams,1,9.8
6510,Rehab,2,7.5
6511,Garden City,3,5.9
6512,5th Settlement,5,8.9
6513,6th of October,2,2.0
6514,Garden City,4,3.2
6515,6th of October,4,9.2
6516,5th Settlement,1,9.2
6517,Maadi,4,3.4
6518,New Cairo,1,8.2
6519,Rehab,5,4.0
6520,Zamalek,3,3.4
6521,Dokki,2,9.6
6522,Nasr City,5,5.7
6523,Giza,3,0.4
6524,Madinaty,3,1.2
6525,Manial,1,7.3
6526,Heliopolis,1,8.9
6527,Rehab,5,10.0
6528,Heliopolis,5,9.4
6529,Nasr City,2,9.9
6530,6th of October,4,3.4
6531,Maadi,2,6.9
6532,Nasr City,4,1.8
6533,Helwan,2,7.2
6534,New Cairo,1,3.2
6535,Nasr City,1,6.9
6536,Dokki,4,6.7
6537,Agouza,3,9.0
6538,Maadi,1,8.7
6539,Ain Shams,1,1.7
6540,Heliopolis,3,0.9
6541,Dokki,3,2.2
6542,Agouza,3,9.7
6543,Manial,3,4.5
6544,6th of October,1,0.4
6545,Madinaty,1,9.6
6546,Mohandessin,2,7.7
6547,5th Settlement,1,4.7
6548,Agouza,3,9.3
6549,Garden City,1,6.5
6550,Shubra,3,0.6
6551,Manial,2,9.6
6552,Nasr City,2,9.7
6553,Agouza,1,6.9
6554,Helwan,2,0.1
6555,Mohandessin,4,9.4
6556,Manial,3,0.6
6557,5th Settlement,3,0.7
6558,Heliopolis,2,6.3
6559,Giza,5,9.9
6560,Dokki,5,6.2
6561,Garden City,3,3.7
6562,Giza,2,6.9
6563,Shubra,1,0.6
6564,Ain Shams,4,0.4
6565,Agouza,1,5.7
6566,Shubra,5,6.5
6567,5th Settlement,1,4.3
6568,Shubra,4,0.8
6569,Maadi,2,4.8
6570,Sheikh Zayed,3,10.0
6571,Downtown,2,7.0
6572,Agouza,3,6.7
6573,Helwan,2,3.1
6574,Shubra,4,0.3
6575,Dokki,3,4.6
6576,Mohandessin,2,3.3
6577,Nasr City,1,6.4
6578,Shubra,3,5.0
6579,Shubra,2,2.6
6580,Rehab,5,2.9
6581,Agouza,1,2.6
6582,Agouza,2,6.3
6583,Garden City,3,2.3
6584,Heliopolis,1,3.4
6585,Maadi,5,0.3
6586,Ain Shams,1,0.5
6587,Nasr City,5,3.6
6588,Ain Shams,5,5.6
6589,Nasr City,2,2.6
6590,Heliopolis,1,8.9
6591,Rehab,2,3.9
6592,Manial,1,8.0
6593,Giza,4,2.9
6594,Agouza,5,3.4
6595,5th Settlement,4,7.9
6596,Agouza,2,3.3
6597,Agouza,5,1.0
6598,6th of October,2,7.7
6599,Garden City,2,4.0
6600,Dokki,1,4.2
6601,Downtown,4,8.9
6602,Sheikh Zayed,2,3.8
6603,Rehab,4,0.9
6604,Manial,2,8.9
6605,Rehab,1,0.1
6606,Helwan,2,1.0
6607,5th Settlement,1,2.3
6608,Ain Shams,2,1.9
6609,Manial,2,1.1
6610,Sheikh Zayed,1,0.8
6611,Madinaty,1,5.3
6612,Agouza,1,6.9
6613,Heliopolis,5,4.4
6614,5th Settlement,3,4.4
6615,5th Settlement,1,3.4
6616,Giza,5,7.3
6617,Madinaty,2,7.5
6618,Heliopolis,4,7.1
6619,Maadi,1,5.6
6620,Giza,2,7.5
6621,Manial,2,4.8
6622,Shubra,5,0.8
6623,Sheikh Zayed,5,9.4
6624,Dokki,5,4.8
6625,6th of October,1,2.8
6626,Sheikh Zayed,2,6.6
6627,Madinaty,2,1.8
6628,Dokki,5,0.1
6629,6th of October,5,2.2
6630,Garden City,2,1.4
6631,Downtown,1,6.7
6632,New Cairo,3,2.6
6633,New Cairo,2,4.9
6634,Sheikh Zayed,1,7.3
6635,Helwan,5,0.8
6636,Mohandessin,1,6.1
6637,Nasr City,2,6.8
6638,Mohandessin,1,0.5
6639,Downtown,2,2.8
6640,Downtown,4,8.5
6641,Downtown,1,5.0
6642,Mohandessin,1,2.5
6643,Downtown,5,9.0
6644,Giza,1,1.0
6645,Shubra,2,4.1
6646,Maadi,3,0.1
6647,Manial,2,7.2
6648,Rehab,4,9.4
6649,Shubra,5,4.7
6650,5th Settlement,2,1.0
6651,Zamalek,1,1.4
6652,Manial,1,6.6
6653,Zamalek,4,4.2
6654,Manial,1,3.1
6655,Dokki,5,8.6
6656,Sheikh Zayed,2,7.5
6657,Nasr City,3,1.3
6658,5th Settlement,3,2.6
6659,Shubra,4,0.8
6660,Agouza,1,1.7
6661,Mohandessin,1,8.0
6662,Nasr City,5,4.3
6663,Shubra,5,0.7
6664,Ain Shams,4,8.9
6665,Maadi,4,4.7
6666,Shubra,2,2.4
6667,Sheikh Zayed,4,0.9
6668,Maadi,3,3.7
6669,New Cairo,3,5.9
6670,Rehab,4,6.6
6671,Mohandessin,3,4.0
6672,Mohandessin,2,6.1
6673,Helwan,1,5.7
6674,Manial,4,3.1
6675,Mohandessin,2,1.8
6676,Shubra,2,8.5
6677,Heliopolis,1,4.4
6678,Downtown,3,3.0
6679,Ain Shams,2,2.2
6680,Giza,5,9.2
6681,New Cairo,2,7.0
6682,Sheikh Zayed,5,1.1
6683,Maadi,5,6.4
6684,Manial,5,7.4
6685,Manial,4,1.1
6686,Garden City,3,1.6
6687,Zamalek,5,9.1
6688,Shubra,3,5.8
6689,5th Settlement,3,2.3
6690,Downtown,3,8.1
6691,Dokki,3,9.5
6692,Helwan,5,6.7
6693,Garden City,3,2.4
6694,Maadi,2,9.5
6695,Helwan,5,0.9
6696,Nasr City,3,5.0
6697,New Cairo,3,9.8
6698,Shubra,5,8.6
6699,Madinaty,3,6.8
6700,Shubra,5,8.0
6701,New Cairo,3,7.1
6702,Helwan,2,9.5
6703,Agouza,4,4.4
6704,New Cairo,4,9.9
6705,Manial,5,3.9
6706,Zamalek,4,3.9
6707,New Cairo,2,2.2
6708,Giza,3,0.9
6709,5th Settlement,1,3.8
6710,Manial,3,5.8
6711,Giza,2,5.1
6712,Manial,2,7.6
6713,Helwan,5,3.3
6714,6th of October,4,3.9
6715,Garden City,1,1.9
6716,New Cairo,2,4.6
6717,Agouza,1,2.5
6718,Shubra,1,2.7
6719,6th of October,1,9.3
6720,New Cairo,5,10.0
6721,Garden City,2,5.9
6722,Heliopolis,3,9.4
6723,6th of October,2,7.8
6724,Maadi,4,7.2
6725,Garden City,4,5.7
6726,Nasr City,1,2.3
6727,Heliopolis,4,5.4
6728,Helwan,2,9.4
6729,Heliopolis,1,1.5
6730,5th Settlement,4,3.7
6731,5th Settlement,3,1.0
6732,Mohandessin,3,3.3
6733,New Cairo,2,8.2
6734,Sheikh Zayed,4,4.4
6735,Madinaty,1,2.7
6736,Mohandessin,2,1.2
6737,Nasr City,5,8.7
6738,Giza,2,4.2
6739,Rehab,4,2.3
6740,Agouza,4,4.6
6741,Giza,4,4.1
6742,Rehab,1,2.0
6743,Maadi,1,1.2
6744,Helwan,2,9.3
6745,5th Settlement,1,8.2
6746,Helwan,3,0.3
6747,Maadi,1,6.5
6748,Downtown,4,0.4
6749,Dokki,2,8.6
6750,Dokki,3,0.8
6751,Mohandessin,1,4.7
6752,Manial,3,4.3
6753,Agouza,1,2.3
6754,Mohandessin,4,7.7
6755,Zamalek,4,5.3
6756,Maadi,2,9.9
6757,Shubra,5,1.3
6758,Downtown,5,3.5
6759,Dokki,1,7.8
6760,Dokki,5,6.0
6761,Madinaty,2,7.3
6762,Helwan,5,3.5
6763,Mohandessin,2,3.6
6764,Downtown,4,1.6
6765,Manial,2,2.3
6766,Manial,5,8.9
6767,6th of October,3,1.8
6768,Garden City,3,8.5
6769,Garden City,4,2.3
6770,Sheikh Zayed,3,4.3
6771,Madinaty,4,9.7
6772,Maadi,5,1.0
6773,Maadi,5,9.8
6774,Manial,4,2.0
6775,Heliopolis,5,7.9
6776,Mohandessin,4,8.1
6777,Nasr City,4,0.5
6778,Shubra,1,1.3
6779,5th Settlement,2,3.6
6780,5th Settlement,5,8.9
6781,Dokki,1,6.4
6782,Madinaty,4,9.6
6783,New Cairo,5,9.2
6784,Shubra,4,8.6
6785,Rehab,3,2.1
6786,Mohandessin,2,1.4
6787,Downtown,2,9.8
6788,Sheikh Zayed,1,9.5
6789,Manial,3,6.4
6790,Downtown,3,2.6
6791,Agouza,2,5.6
6792,Dokki,2,7.2
6793,Helwan,4,7.4
6794,Dokki,5,0.7
6795,Giza,2,9.9
6796,Maadi,4,3.8
6797,Madinaty,2,2.5
6798,Heliopolis,5,0.8
6799,Shubra,4,0.6
6800,Garden City,1,2.8
6801,Giza,2,4.9
6802,6th of October,1,8.6
6803,Giza,2,6.6
6804,Zamalek,2,0.2
6805,Dokki,4,7.8
6806,Sheikh Zayed,3,6.6
6807,Garden City,5,6.7
6808,Madinaty,3,8.3
6809,Giza,3,3.9
6810,Maadi,3,7.9
6811,Agouza,1,3.3
6812,Zamalek,3,8.0
6813,New Cairo,1,1.0
6814,Giza,3,0.9
6815,Nasr City,5,4.3
6816,Zamalek,5,9.3
6817,Agouza,2,7.2
6818,Rehab,5,6.0
6819,Dokki,1,5.0
6820,Nasr City,2,4.8
6821,Dokki,4,0.3
6822,Nasr City,1,9.8
6823,Madinaty,1,6.3
6824,Zamalek,2,1.4
6825,Mohandessin,5,3.1
6826,Ain Shams,5,2.5
6827,5th Settlement,5,4.1
6828,Shubra,1,6.5
6829,Sheikh Zayed,4,5.7
6830,Dokki,4,2.2
6831,Madinaty,2,5.0
6832,Manial,2,0.9
6833,Shubra,1,1.4
6834,Giza,5,4.7
6835,5th Settlement,5,9.6
6836,5th Settlement,4,4.8
6837,Mohandessin,5,3.6
6838,6th of October,2,9.0
6839,Zamalek,4,1.2
6840,Mohandessin,1,3.4
6841,Agouza,3,9.5
6842,Heliopolis,2,1.9
6843,Heliopolis,5,0.6
6844,Nasr City,3,0.8
6845,Shubra,3,4.9
6846,Agouza,4,9.9
6847,6th of October,4,8.0
6848,Maadi,1,0.2
6849,5th Settlement,4,1.5
6850,6th of October,5,4.0
6851,Ain Shams,4,6.7
6852,Agouza,4,4.1
6853,6th of October,1,6.0
6854,Mohandessin,4,4.3
6855,Ain Shams,1,8.9
6856,Giza,1,2.6
6857,Garden City,3,0.3
6858,Garden City,4,3.2
6859,Agouza,4,2.1
6860,Agouza,4,9.8
6861,Rehab,4,6.2
6862,Agouza,3,0.9
6863,Shubra,2,1.5
6864,Maadi,3,3.3
6865,Nasr City,2,6.0
6866,Heliopolis,2,3.7
6867,Rehab,4,5.3
6868,Ain Shams,3,6.8
6869,Zamalek,3,2.4
6870,Sheikh Zayed,5,6.2
6871,Agouza,3,8.5
6872,Helwan,3,6.2
6873,Ain Shams,2,4.2
6874,Giza,3,3.1
6875,6th of October,2,8.8
6876,New Cairo,1,3.1
6877,6th of October,5,7.9
6878,Agouza,5,1.3
6879,Manial,2,5.9
6880,New Cairo,3,8.4
6881,6th of October,2,5.8
6882,New Cairo,4,5.8
6883,Sheikh Zayed,5,2.7
6884,Garden City,1,1.8
6885,Sheikh Zayed,4,6.0
6886,Madinaty,2,1.4
6887,5th Settlement,5,9.9
6888,New Cairo,1,5.9
6889,Heliopolis,1,2.6
6890,Agouza,4,10.0
6891,Dokki,1,1.4
6892,Maadi,4,8.6
6893,Sheikh Zayed,3,3.3
6894,Ain Shams,3,2.0
6895,Agouza,2,3.4
6896,Downtown,1,8.6
6897,Maadi,3,2.5
6898,Ain Shams,3,2.9
6899,Zamalek,2,3.9
6900,Garden City,5,7.3
6901,Nasr City,2,0.6
6902,Helwan,1,9.0
6903,Heliopolis,2,1.4
6904,Rehab,3,7.4
6905,Helwan,5,8.6
6906,Shubra,2,7.1
6907,Giza,4,3.4
6908,5th Settlement,4,9.6
6909,Zamalek,5,9.7
6910,Zamalek,3,6.1
6911,5th Settlement,3,7.1
6912,Giza,4,2.0
6913,Zamalek,1,3.9
6914,5th Settlement,5,2.3
6915,Mohandessin,3,3.8
6916,Mohandessin,4,8.9
6917,Downtown,1,1.7
6918,Mohandessin,3,8.6
6919,Dokki,3,4.6
6920,Heliopolis,1,4.1
6921,Rehab,5,3.1
6922,Shubra,5,4.2
6923,Maadi,5,8.3
6924,Giza,2,7.9
6925,New Cairo,4,5.7
6926,Maadi,2,7.6
6927,Zamalek,4,8.9
6928,6th of October,1,4.4
6929,Mohandessin,1,4.7
6930,Giza,1,3.1
6931,5th Settlement,3,1.6
6932,Dokki,2,9.5
6933,Manial,3,8.2
6934,Giza,2,4.3
6935,Giza,2,4.5
6936,Downtown,5,2.1
6937,Manial,2,9.9
6938,Nasr City,2,0.2
6939,Agouza,1,3.4
6940,Nasr City,2,2.2
6941,Mohandessin,3,0.3
6942,Rehab,1,4.1
6943,Heliopolis,4,7.4
6944,Helwan,1,7.9
6945,Ain Shams,2,4.4
6946,Manial,5,7.8
6947,Giza,2,3.5
6948,Maadi,2,9.0
6949,Helwan,2,2.9
6950,Dokki,2,0.7
6951,5th Settlement,3,7.4
6952,Dokki,2,8.2
6953,New Cairo,2,0.4
6954,5th Settlement,3,0.6
6955,Agouza,1,4.6
6956,Dokki,2,1.0
6957,Downtown,3,6.7
6958,Helwan,1,0.6
6959,Ain Shams,3,4.4
6960,5th Settlement,4,6.6
6961,Heliopolis,4,7.3
6962,Madinaty,3,6.5
6963,Ain Shams,1,8.3
6964,Manial,2,6.3
6965,Maadi,4,9.3
6966,5th Settlement,2,3.7
6967,Rehab,2,5.4
6968,Madinaty,2,7.9
6969,Zamalek,2,3.5
6970,Manial,1,1.6
6971,Agouza,3,8.0
6972,5th Settlement,3,3.9
6973,Sheikh Zayed,2,7.2
6974,Madinaty,2,9.5
6975,Rehab,5,6.3
6976,Zamalek,2,7.7
6977,Zamalek,1,1.1
6978,Heliopolis,5,9.8
6979,Sheikh Zayed,1,4.6
6980,Helwan,5,2.4
6981,Manial,1,4.2
6982,Zamalek,4,6.7
6983,Madinaty,3,8.6
6984,Garden City,5,7.0
6985,Heliopolis,5,1.6
6986,Manial,3,9.7
6987,Dokki,5,7.0
6988,Heliopolis,4,3.3
6989,Dokki,2,1.1
6990,Shubra,3,9.1
6991,5th Settlement,4,2.6
6992,Nasr City,3,1.9
6993,Downtown,2,8.6
6994,Dokki,4,1.2
6995,New Cairo,5,6.8
6996,Shubra,2,8.8
6997,Nasr City,5,9.1
6998,Mohandessin,3,8.2
6999,Rehab,1,3.0
7000,Sheikh Zayed,4,3.1
7001,Agouza,3,5.1
7002,Rehab,1,0.2
7003,Nasr City,3,8.1
7004,Shubra,5,6.2
7005,Zamalek,5,6.9
7006,Giza,2,7.7
7007,Rehab,4,7.9
7008,Dokki,4,2.6
7009,Mohandessin,2,4.3
7010,Manial,3,9.5
7011,New Cairo,2,4.2
7012,Madinaty,4,4.6
7013,Dokki,2,3.3
7014,Agouza,2,9.1
7015,Zamalek,4,0.3
7016,Zamalek,2,3.6
7017,Downtown,1,8.1
7018,Agouza,2,6.6
7019,6th of October,1,1.6
7020,Ain Shams,2,0.8
7021,Agouza,3,0.5
7022,Agouza,4,3.2
7023,Garden City,4,2.4
7024,Downtown,4,6.7
7025,Manial,3,1.8
7026,Dokki,1,6.7
7027,Zamalek,3,4.4
7028,Manial,5,6.7
7029,5th Settlement,3,0.4
7030,Mohandessin,1,1.1
7031,5th Settlement,1,2.3
7032,Agouza,5,0.5
7033,Garden City,2,8.5
7034,Zamalek,2,0.7
7035,Heliopolis,2,8.5
7036,Helwan,3,7.8
7037,Heliopolis,3,5.2
7038,Ain Shams,5,5.4
7039,Madinaty,4,4.2
7040,Nasr City,1,3.0
7041,Heliopolis,5,7.7
7042,5th Settlement,5,3.3
7043,6th of October,3,0.7
7044,Nasr City,1,7.5
7045,Dokki,5,8.0
7046,Madinaty,4,9.3
7047,Madinaty,2,6.4
7048,Sheikh Zayed,3,8.3
7049,Shubra,4,7.8
7050,Shubra,3,2.9
7051,Heliopolis,5,7.8
7052,Downtown,2,4.4
7053,Dokki,1,3.0
7054,Ain Shams,2,6.1
7055,Mohandessin,2,1.9
7056,Zamalek,1,0.3
7057,Manial,3,2.9
7058,Heliopolis,3,5.4
7059,Sheikh Zayed,5,7.4
7060,Heliopolis,1,7.7
7061,Manial,4,4.8
7062,Ain Shams,5,1.6
7063,Manial,3,6.1
7064,Sheikh Zayed,1,5.8
7065,Sheikh Zayed,2,6.6
7066,5th Settlement,1,1.2
7067,Ain Shams,4,0.7
7068,Dokki,1,4.2
7069,Helwan,2,0.7
7070,5th Settlement,3,7.5
7071,Shubra,2,2.0
7072,Nasr City,3,8.7
7073,Giza,2,6.4
7074,Sheikh Zayed,2,2.8
7075,Nasr City,3,5.5
7076,Dokki,4,5.6
7077,Manial,2,8.4
7078,Agouza,5,6.6
7079,Rehab,4,0.7
7080,Ain Shams,2,5.4
7081,Ain Shams,2,8.2
7082,Dokki,5,8.6
7083,Mohandessin,5,9.9
7084,Shubra,2,6.1
7085,Madinaty,4,2.2
7086,Zamalek,5,9.0
7087,Heliopolis,5,3.4
7088,Shubra,2,9.1
7089,Heliopolis,2,4.0
7090,6th of October,1,4.4
7091,Zamalek,2,0.1
7092,Sheikh Zayed,2,1.6
7093,Garden City,5,2.1
7094,5th Settlement,5,1.6
7095,Garden City,3,7.3
7096,Rehab,5,9.0
7097,Zamalek,5,7.3
7098,Nasr City,4,4.8
7099,Madinaty,4,9.5
7100,Maadi,4,3.9
7101,Helwan,5,7.6
7102,5th Settlement,5,1.8
7103,New Cairo,2,1.1
7104,Manial,2,7.7
7105,Rehab,4,4.7
7106,Sheikh Zayed,1,1.3
7107,Agouza,4,3.6
7108,5th Settlement,2,5.8
7109,6th of October,3,5.5
7110,Dokki,1,6.6
7111,Downtown,4,9.9
7112,Shubra,5,3.8
7113,Dokki,5,3.9
7114,Agouza,1,8.7
7115,Rehab,2,1.5
7116,Sheikh Zayed,5,3.1
7117,Dokki,3,5.7
7118,Manial,3,3.3
7119,Nasr City,4,6.7
7120,Downtown,5,7.4
7121,Nasr City,4,8.6
7122,Madinaty,2,2.8
7123,Ain Shams,4,7.7
7124,6th of October,1,5.9
7125,Agouza,5,7.7
7126,Nasr City,5,4.0
7127,Manial,4,0.1
7128,Madinaty,3,3.1
7129,Manial,5,5.6
7130,New Cairo,1,2.9
7131,Mohandessin,5,9.5
7132,6th of October,1,8.0
7133,Garden City,3,4.2
7134,Sheikh Zayed,3,8.4
7135,Agouza,5,2.1
7136,Heliopolis,4,8.1
7137,Agouza,5,3.0
7138,6th of October,3,0.4
7139,Manial,2,0.2
7140,Sheikh Zayed,4,6.7
7141,Giza,2,8.8
7142,Maadi,2,1.3
7143,Rehab,1,4.0
7144,6th of October,5,4.0
7145,Maadi,1,6.1
7146,Dokki,3,8.4
7147,New Cairo,3,5.4
7148,Garden City,1,5.2
7149,5th Settlement,5,5.6
7150,Maadi,3,5.6
7151,5th Settlement,5,4.9
7152,Manial,4,2.4
7153,Heliopolis,5,2.7
7154,Garden City,1,3.5
7155,Rehab,3,1.6
7156,Maadi,1,9.2
7157,Helwan,4,2.2
7158,Shubra,1,7.6
7159,Manial,3,6.0
7160,Nasr City,3,6.5
7161,Heliopolis,5,3.9
7162,Agouza,2,2.7
7163,5th Settlement,3,8.3
7164,Agouza,1,4.4
7165,Madinaty,1,5.1
7166,Sheikh Zayed,4,6.6
7167,Maadi,1,1.7
7168,Mohandessin,4,1.2
7169,Heliopolis,1,3.8
7170,6th of October,3,2.4
7171,New Cairo,2,9.5
7172,Maadi,4,6.1
7173,Giza,4,4.9
7174,Shubra,3,5.6
7175,Maadi,4,1.7
7176,Downtown,1,1.5
7177,Helwan,5,3.3
7178,Madinaty,2,6.0
7179,Ain Shams,2,3.2
7180,Dokki,1,1.9
7181,Giza,2,6.1
7182,6th of October,4,2.2
7183,New Cairo,4,8.0
7184,Shubra,3,3.1
7185,Giza,3,5.5
7186,Manial,4,6.0
7187,Heliopolis,2,3.3
7188,Giza,1,5.4
7189,Zamalek,2,4.9
7190,Helwan,2,2.9
7191,Manial,1,1.1
7192,Garden City,4,0.1
7193,Dokki,1,1.4
7194,Zamalek,4,9.3
7195,Downtown,4,2.4
7196,Ain Shams,3,5.0
7197,5th Settlement,2,5.4
7198,5th Settlement,3,6.2
7199,Giza,5,7.2
7200,Dokki,5,3.3
7201,Dokki,3,6.7
7202,Giza,1,1.5
7203,Sheikh Zayed,3,4.1
7204,Manial,1,4.9
7205,Maadi,3,4.5
7206,Sheikh Zayed,1,9.2
7207,Manial,1,3.7
7208,Rehab,3,2.7
7209,Garden City,3,2.8
7210,Helwan,2,6.4
7211,Sheikh Zayed,3,3.0
7212,Rehab,1,1.2
7213,6th of October,5,3.6
7214,New Cairo,3,4.6
7215,Manial,2,8.5
7216,Garden City,4,0.5
7217,Nasr City,2,5.2
7218,Sheikh Zayed,2,2.0
7219,Zamalek,2,4.3
7220,Sheikh Zayed,5,2.5
7221,Ain Shams,1,9.8
7222,Sheikh Zayed,5,5.2
7223,5th Settlement,1,8.9
7224,Dokki,4,3.6
7225,Mohandessin,1,5.5
7226,5th Settlement,4,2.9
7227,Zamalek,3,1.9
7228,Rehab,3,1.9
7229,Mohandessin,3,4.1
7230,Madinaty,5,7.3
7231,Sheikh Zayed,5,0.6
7232,Helwan,4,8.6
7233,Mohandessin,3,6.9
7234,Shubra,4,2.9
7235,Madinaty,4,1.0
7236,Dokki,5,7.4
7237,Agouza,1,8.1
7238,Garden City,2,9.9
7239,Downtown,5,8.2
7240,New Cairo,4,6.1
7241,Ain Shams,3,6.3
7242,Giza,1,9.7
7243,Agouza,5,6.1
7244,Maadi,1,7.9
7245,Manial,5,0.6
7246,Garden City,5,3.5
7247,Garden City,3,0.3
7248,Zamalek,5,1.7
7249,Sheikh Zayed,3,6.0
7250,Dokki,3,9.1
7251,Sheikh Zayed,5,4.0
7252,Manial,4,3.0
7253,Rehab,2,5.9
7254,Helwan,4,5.7
7255,Agouza,3,3.4
7256,Downtown,5,7.6
7257,Agouza,1,7.4
7258,Zamalek,4,1.9
7259,Rehab,5,7.5
7260,Zamalek,2,6.1
7261,5th Settlement,2,3.1
7262,Rehab,1,6.4
7263,Giza,5,4.7
7264,New Cairo,3,5.3
7265,New Cairo,2,8.1
7266,Dokki,5,4.3
7267,Sheikh Zayed,1,9.9
7268,Mohandessin,1,0.9
7269,Sheikh Zayed,3,2.2
7270,5th Settlement,1,7.5
7271,Agouza,2,7.8
7272,Madinaty,5,6.1
7273,Giza,5,0.9
7274,Nasr City,5,0.2
7275,Agouza,2,6.6
7276,Rehab,4,8.4
7277,Helwan,3,5.8
7278,Ain Shams,4,1.6
7279,Garden City,3,5.9
7280,Giza,5,1.0
7281,Nasr City,4,5.4
7282,Nasr City,3,9.6
7283,Shubra,1,2.0
7284,Heliopolis,1,7.5
7285,Agouza,1,5.8
7286,5th Settlement,2,0.2
7287,Madinaty,3,8.5
7288,Giza,3,1.4
7289,Ain Shams,1,1.3
7290,Sheikh Zayed,3,5.8
7291,Heliopolis,5,8.3
7292,Maadi,3,7.2
7293,Downtown,3,3.3
7294,Rehab,2,2.2
7295,Giza,5,4.1
7296,Shubra,4,5.0
7297,Rehab,1,1.5
7298,Helwan,5,2.2
7299,Shubra,5,7.2
7300,Helwan,2,2.5
7301,Maadi,1,8.0
7302,5th Settlement,3,6.3
7303,Ain Shams,1,9.8
7304,6th of October,4,3.7
7305,Zamalek,3,6.7
7306,Shubra,2,8.6
7307,Agouza,2,5.9
7308,Heliopolis,1,3.6
7309,Garden City,4,3.9
7310,Manial,1,9.6
7311,Sheikh Zayed,2,6.6
7312,Dokki,4,4.8
7313,Dokki,5,0.4
7314,Shubra,4,6.0
7315,Garden City,3,0.1
7316,Zamalek,4,1.9
7317,New Cairo,1,8.1
7318,Ain Shams,1,8.2
7319,Heliopolis,5,0.4
7320,Rehab,3,10.0
7321,Mohandessin,3,6.4
7322,6th of October,4,5.4
7323,Maadi,3,8.3
7324,Maadi,2,9.6
7325,5th Settlement,1,6.7
7326,Mohandessin,1,1.4
7327,Madinaty,4,2.7
7328,Downtown,5,2.2
7329,New Cairo,3,8.7
7330,Rehab,1,6.8
7331,Agouza,2,5.3
7332,Mohandessin,1,6.0
7333,Agouza,1,5.8
7334,Shubra,3,4.2
7335,Manial,1,7.0
7336,Dokki,5,5.7
7337,New Cairo,5,5.4
7338,New Cairo,3,5.1
7339,Helwan,1,7.6
7340,Garden City,3,8.6
7341,Rehab,2,5.4
7342,Heliopolis,4,8.5
7343,Mohandessin,1,2.7
7344,Ain Shams,5,6.5
7345,Heliopolis,1,9.6
7346,New Cairo,1,7.6
7347,Mohandessin,5,2.1
7348,Sheikh Zayed,1,5.1
7349,Mohandessin,5,5.1
7350,Helwan,5,4.8
7351,Garden City,2,2.3
7352,Madinaty,4,4.1
7353,New Cairo,1,0.2
7354,Nasr City,5,2.4
7355,Heliopolis,3,0.2
7356,Ain Shams,1,2.0
7357,Downtown,4,1.9
7358,New Cairo,2,1.4
7359,New Cairo,1,9.7
7360,Dokki,2,6.6
7361,Manial,1,9.0
7362,Helwan,4,7.3
7363,Nasr City,3,4.7
7364,Zamalek,1,7.6
7365,Madinaty,5,0.7
7366,New Cairo,1,8.4
7367,Dokki,3,5.7
7368,Garden City,5,3.8
7369,Maadi,5,6.5
7370,Manial,3,4.9
7371,Downtown,2,1.1
7372,5th Settlement,4,7.5
7373,5th Settlement,4,0.4
7374,Shubra,3,1.6
7375,Agouza,4,8.7
7376,Dokki,3,2.1
7377,Madinaty,3,0.9
7378,Dokki,3,8.0
7379,Mohandessin,2,0.2
7380,Heliopolis,5,4.3
7381,Maadi,1,8.3
7382,Shubra,5,2.0
7383,Shubra,2,4.4
7384,Nasr City,2,0.6
7385,Rehab,2,5.5
7386,Downtown,1,0.7
7387,Giza,2,0.4
7388,Ain Shams,2,4.0
7389,Helwan,2,0.8
7390,5th Settlement,5,4.2
7391,Giza,4,0.4
7392,Giza,1,4.8
7393,Madinaty,2,0.7
7394,Agouza,1,1.5
7395,Rehab,2,0.4
7396,Zamalek,2,6.2
7397,Maadi,4,7.6
7398,Zamalek,1,1.8
7399,Shubra,5,2.1
7400,Sheikh Zayed,4,0.5
7401,Shubra,4,8.9
7402,Heliopolis,1,1.5
7403,New Cairo,3,8.1
7404,New Cairo,4,8.7
7405,Madinaty,1,7.9
7406,5th Settlement,1,5.7
7407,Nasr City,4,4.8
7408,Garden City,4,2.6
7409,Downtown,2,0.6
7410,6th of October,2,7.6
7411,Downtown,1,1.9
7412,Nasr City,2,6.5
7413,Mohandessin,5,3.5
7414,Zamalek,2,2.8
7415,Nasr City,5,9.5
7416,Rehab,4,2.8
7417,Shubra,5,8.8
7418,Dokki,4,0.3
7419,Helwan,3,6.5
7420,Downtown,4,1.0
7421,Rehab,5,4.1
7422,5th Settlement,1,8.2
7423,Downtown,3,9.7
7424,Helwan,5,9.5
7425,Heliopolis,4,5.4
7426,Heliopolis,1,0.5
7427,Heliopolis,3,5.8
7428,5th Settlement,5,9.6
7429,Zamalek,2,9.2
7430,5th Settlement,4,8.1
7431,6th of October,5,9.9
7432,Ain Shams,3,8.0
7433,Ain Shams,5,4.8
7434,Downtown,2,6.8
7435,Maadi,1,4.7
7436,New Cairo,3,5.1
7437,Nasr City,5,4.6
7438,Rehab,5,7.5
7439,Agouza,1,9.8
7440,Madinaty,3,5.8
7441,Agouza,2,6.2
7442,6th of October,1,0.9
7443,Agouza,5,0.6
7444,Mohandessin,4,9.3
7445,Downtown,2,6.1
7446,Garden City,3,7.9
7447,Sheikh Zayed,4,5.4
7448,Maadi,5,2.8
7449,Garden City,5,1.7
7450,Ain Shams,3,9.7
7451,Dokki,2,2.8
7452,Nasr City,2,7.2
7453,Dokki,2,0.8
7454,Madinaty,2,7.5
7455,Helwan,3,8.7
7456,Mohandessin,2,0.1
7457,Nasr City,1,0.1
7458,Shubra,2,5.5
7459,Shubra,4,8.0
7460,Heliopolis,5,2.5
7461,Sheikh Zayed,5,0.1
7462,Agouza,1,5.8
7463,Heliopolis,4,1.3
7464,Nasr City,5,8.0
7465,Zamalek,4,9.6
7466,Downtown,2,5.7
7467,Madinaty,2,1.5
7468,Agouza,5,9.3
7469,Agouza,4,9.5
7470,Manial,1,7.4
7471,5th Settlement,3,3.9
7472,Zamalek,5,3.1
7473,New Cairo,4,4.3
7474,Maadi,1,2.5
7475,Agouza,5,9.2
7476,Garden City,2,2.8
7477,Heliopolis,2,4.4
7478,Zamalek,1,9.5
7479,Zamalek,3,5.3
7480,Manial,5,1.0
7481,New Cairo,3,6.5
7482,Agouza,3,5.1
7483,Nasr City,2,1.6
7484,Nasr City,1,6.4
7485,Giza,2,3.7
7486,Ain Shams,1,2.8
7487,Shubra,5,4.5
7488,New Cairo,3,6.1
7489,New Cairo,4,5.9
7490,Downtown,1,4.4
7491,5th Settlement,2,1.0
7492,Nasr City,2,2.7
7493,5th Settlement,1,7.1
7494,Downtown,2,6.9
7495,Sheikh Zayed,4,6.6
7496,6th of October,1,6.0
7497,Shubra,2,1.6
7498,Helwan,5,0.4
7499,Madinaty,3,8.9
7500,Downtown,4,6.9
7501,Helwan,2,2.4
7502,Dokki,2,4.2
7503,Rehab,1,3.5
7504,Zamalek,2,0.2
7505,5th Settlement,2,6.2
7506,Giza,1,5.6
7507,Ain Shams,1,5.5
7508,Giza,3,6.3
7509,6th of October,4,5.7
7510,Maadi,1,1.2
7511,Dokki,2,4.7
7512,Ain Shams,4,0.6
7513,Zamalek,2,0.3
7514,Sheikh Zayed,2,5.7
7515,Nasr City,1,4.6
7516,Dokki,2,7.3
7517,Downtown,5,9.8
7518,Ain Shams,1,7.4
7519,Downtown,1,3.6
7520,New Cairo,5,6.6
7521,Nasr City,4,7.2
7522,Ain Shams,3,7.4
7523,New Cairo,3,2.3
7524,Maadi,3,3.9
7525,Downtown,4,6.6
7526,Garden City,3,4.2
7527,Nasr City,1,3.9
7528,Giza,2,6.3
7529,Madinaty,2,0.2
7530,6th of October,4,9.6
7531,New Cairo,2,8.5
7532,Ain Shams,1,3.6
7533,Ain Shams,5,5.0
7534,Giza,1,1.8
7535,Downtown,4,7.5
7536,Dokki,4,6.7
7537,Nasr City,5,4.6
7538,Ain Shams,4,4.0
7539,Shubra,2,9.4
7540,New Cairo,1,8.6
7541,Manial,4,9.6
7542,Ain Shams,5,8.9
7543,New Cairo,5,4.5
7544,Rehab,1,3.0
7545,Agouza,1,6.7
7546,Helwan,1,6.4
7547,Heliopolis,5,0.5
7548,Agouza,4,3.1
7549,Downtown,2,9.9
7550,New Cairo,2,2.4
7551,6th of October,4,3.1
7552,Shubra,5,8.8
7553,Heliopolis,2,1.6
7554,Ain Shams,3,1.0
7555,Helwan,2,6.1
7556,Agouza,2,3.6
7557,Shubra,3,0.3
7558,Zamalek,1,8.0
7559,Manial,4,1.1
7560,5th Settlement,5,7.8
7561,Downtown,4,0.9
7562,Ain Shams,2,2.6
7563,Giza,5,3.1
7564,Sheikh Zayed,5,7.9
7565,Zamalek,5,8.1
7566,Agouza,4,5.2
7567,Shubra,4,5.4
7568,Nasr City,3,2.7
7569,Heliopolis,1,8.5
7570,Dokki,3,1.9
7571,New Cairo,1,3.2
7572,Dokki,2,8.0
7573,Heliopolis,4,8.6
7574,Manial,5,0.6
7575,Garden City,4,4.3
7576,Sheikh Zayed,4,1.5
7577,Maadi,2,0.6
7578,Mohandessin,1,1.7
7579,5th Settlement,5,6.0
7580,Maadi,1,6.3
7581,New Cairo,1,1.0
7582,Mohandessin,3,9.4
7583,Madinaty,1,9.2
7584,Madinaty,1,2.5
7585,Rehab,5,5.9
7586,Heliopolis,4,4.2
7587,Downtown,3,8.9
7588,Manial,1,6.9
7589,New Cairo,1,7.2
7590,6th of October,4,5.9
7591,Giza,3,8.2
7592,Heliopolis,1,9.2
7593,Rehab,3,2.1
7594,Sheikh Zayed,2,2.3
7595,Nasr City,4,7.1
7596,5th Settlement,5,9.2
7597,Rehab,5,6.8
7598,Madinaty,2,7.5
7599,Manial,1,7.8
7600,Rehab,1,7.2
7601,Heliopolis,4,9.5
7602,Sheikh Zayed,1,0.4
7603,Madinaty,2,7.8
7604,Mohandessin,5,1.4
7605,Agouza,4,8.8
7606,Madinaty,1,2.6
7607,Madinaty,3,5.4
7608,Maadi,4,8.4
7609,5th Settlement,1,8.8
7610,Nasr City,2,9.0
7611,5th Settlement,1,8.0
7612,5th Settlement,3,6.8
7613,Rehab,5,7.9
7614,Dokki,3,0.4
7615,6th of October,2,6.7
7616,Downtown,2,8.0
7617,Dokki,2,8.8
7618,Heliopolis,4,9.7
7619,Shubra,5,5.9
7620,Shubra,5,6.7
7621,Rehab,3,3.6
7622,Madinaty,1,4.0
7623,Rehab,3,4.0
7624,Manial,1,0.8
7625,Helwan,2,2.5
7626,Maadi,1,1.0
7627,6th of October,2,8.4
7628,Nasr City,4,3.9
7629,Mohandessin,2,9.3
7630,Sheikh Zayed,3,3.7
7631,Dokki,3,8.9
7632,Heliopolis,5,8.5
7633,Garden City,5,5.4
7634,5th Settlement,3,1.5
7635,Garden City,1,5.1
7636,Heliopolis,4,0.2
7637,Zamalek,1,6.0
7638,Garden City,1,3.2
7639,Helwan,1,1.6
7640,Helwan,5,3.8
7641,6th of October,4,9.9
7642,Garden City,2,7.2
7643,Manial,3,6.7
7644,5th Settlement,1,2.4
7645,Giza,1,1.0
7646,New Cairo,4,8.2
7647,Downtown,4,4.3
7648,Agouza,4,5.1
7649,Heliopolis,3,8.6
7650,5th Settlement,3,4.8
7651,Heliopolis,2,3.3
7652,Zamalek,4,5.5
7653,Giza,1,9.1
7654,Agouza,3,1.4
7655,Madinaty,5,7.7
7656,Helwan,3,1.1
7657,Maadi,5,1.6
7658,Garden City,4,4.7
7659,6th of October,3,0.3
7660,Helwan,3,4.4
7661,Rehab,4,4.3
7662,Helwan,1,1.5
7663,Nasr City,4,4.5
7664,Sheikh Zayed,4,2.1
7665,Shubra,3,1.3
7666,Madinaty,5,7.6
7667,Garden City,4,9.9
7668,Maadi,2,6.7
7669,Giza,3,1.1
7670,Sheikh Zayed,1,9.8
7671,Rehab,3,7.8
7672,6th of October,5,8.2
7673,Rehab,2,8.5
7674,Dokki,5,3.9
7675,New Cairo,4,1.8
7676,Shubra,2,6.9
7677,Dokki,5,8.9
7678,6th of October,1,5.2
7679,Ain Shams,3,4.5
7680,Rehab,4,1.4
7681,Downtown,4,6.9
7682,Mohandessin,3,9.5
7683,5th Settlement,4,2.2
7684,Downtown,3,4.8
7685,Mohandessin,5,6.1
7686,Sheikh Zayed,4,4.4
7687,Ain Shams,1,6.1
7688,Sheikh Zayed,5,8.0
7689,Agouza,2,9.9
7690,Giza,3,1.8
7691,New Cairo,1,7.8
7692,Nasr City,5,3.5
7693,Manial,2,9.4
7694,Agouza,4,4.8
7695,Giza,5,7.4
7696,Ain Shams,3,8.6
7697,Giza,2,7.8
7698,Giza,4,6.8
7699,Madinaty,5,4.6
7700,Rehab,4,6.0
7701,Helwan,3,7.1
7702,Zamalek,5,1.7
7703,Nasr City,2,7.1
7704,Sheikh Zayed,3,8.3
7705,Dokki,4,1.6
7706,Shubra,2,2.2
7707,Mohandessin,2,4.6
7708,Dokki,2,0.7
7709,Downtown,4,9.4
7710,Zamalek,4,1.1
7711,Madinaty,4,8.3
7712,Madinaty,1,6.1
7713,Maadi,3,4.3
7714,5th Settlement,3,1.7
7715,New Cairo,5,1.2
7716,5th Settlement,2,4.1
7717,Dokki,1,0.4
7718,Agouza,1,8.4
7719,Dokki,2,2.2
7720,Dokki,4,0.4
7721,Agouza,5,9.9
7722,New Cairo,2,0.2
7723,New Cairo,4,6.8
7724,Maadi,4,8.3
7725,Zamalek,4,5.5
7726,Nasr City,2,4.7
7727,Zamalek,4,8.1
7728,Rehab,1,9.2
7729,Nasr City,1,8.9
7730,Mohandessin,2,3.0
7731,Rehab,2,1.9
7732,New Cairo,4,2.6
7733,Heliopolis,4,5.8
7734,New Cairo,4,1.7
7735,Garden City,5,4.4
7736,Garden City,5,0.2
7737,Shubra,3,0.4
7738,Dokki,3,2.7
7739,Manial,5,6.2
7740,Manial,2,3.3
7741,Garden City,2,7.4
7742,Dokki,4,4.7
7743,Zamalek,2,1.9
7744,Heliopolis,4,9.0
7745,Maadi,3,2.3
7746,Agouza,4,9.8
7747,Ain Shams,4,0.7
7748,Giza,2,4.6
7749,Dokki,5,4.6
7750,Helwan,2,6.5
7751,New Cairo,5,5.9
7752,Agouza,3,7.5
7753,Nasr City,5,0.3
7754,Ain Shams,3,8.6
7755,Ain Shams,4,8.2
7756,Ain Shams,1,9.9
7757,5th Settlement,1,1.8
7758,Heliopolis,5,6.7
7759,Dokki,5,9.6
7760,Dokki,1,0.6
7761,6th of October,2,9.1
7762,New Cairo,3,6.2
7763,Maadi,5,5.5
7764,Dokki,3,2.3
7765,Garden City,2,9.6
7766,Dokki,2,1.8
7767,Maadi,2,3.6
7768,Giza,3,8.1
7769,Maadi,1,8.5
7770,Garden City,3,6.2
7771,Maadi,2,2.9
7772,Agouza,5,8.6
7773,5th Settlement,3,8.2
7774,Mohandessin,5,7.0
7775,Garden City,2,2.0
7776,6th of October,2,8.8
7777,Dokki,5,4.0
7778,Nasr City,5,4.3
7779,Agouza,5,0.4
7780,Garden City,1,10.0
7781,New Cairo,3,1.4
7782,Agouza,1,1.0
7783,Giza,5,4.5
7784,Manial,5,4.0
7785,Maadi,1,6.2
7786,Madinaty,4,1.5
7787,Madinaty,4,2.1
7788,Helwan,3,3.2
7789,Nasr City,4,1.7
7790,New Cairo,1,1.9
7791,Rehab,3,5.7
7792,Heliopolis,5,6.3
7793,Shubra,4,1.4
7794,Garden City,1,0.9
7795,Garden City,4,4.9
7796,Ain Shams,3,1.4
7797,Downtown,5,4.8
7798,Shubra,3,6.3
7799,Downtown,1,3.9
7800,Ain Shams,1,8.9
7801,Garden City,1,4.5
7802,Agouza,2,0.1
7803,5th Settlement,3,6.6
7804,Downtown,3,3.2
7805,Dokki,1,0.7
7806,Garden City,3,0.7
7807,Giza,1,3.6
7808,Downtown,1,2.8
7809,Heliopolis,3,5.9
7810,Maadi,5,2.5
7811,Madinaty,5,8.5
7812,Downtown,3,4.7
7813,Downtown,3,4.7
7814,New Cairo,2,7.0
7815,Zamalek,5,1.6
7816,New Cairo,3,5.5
7817,5th Settlement,1,7.0
7818,Nasr City,3,5.9
7819,Madinaty,4,7.7
7820,Madinaty,4,0.5
7821,Mohandessin,2,8.3
7822,Dokki,5,8.8
7823,5th Settlement,4,5.9
7824,Helwan,5,3.6
7825,Dokki,3,9.4
7826,5th Settlement,3,4.7
7827,New Cairo,1,9.6
7828,Giza,5,8.8
7829,Helwan,5,7.9
7830,5th Settlement,2,5.4
7831,Giza,4,9.7
7832,Madinaty,2,7.1
7833,Dokki,1,4.1
7834,New Cairo,4,7.4
7835,Agouza,2,4.9
7836,Mohandessin,3,3.7
7837,Zamalek,5,7.4
7838,5th Settlement,2,4.0
7839,Helwan,1,1.8
7840,5th Settlement,2,7.6
7841,Shubra,2,3.6
7842,6th of October,4,7.6
7843,Ain Shams,2,1.8
7844,New Cairo,2,5.9
7845,Zamalek,2,6.5
7846,Garden City,3,7.9
7847,Agouza,5,1.0
7848,Nasr City,1,1.8
7849,Ain Shams,4,6.1
7850,Rehab,1,1.8
7851,Shubra,1,1.4
7852,Giza,1,2.7
7853,Helwan,4,9.6
7854,Zamalek,4,2.0
7855,Maadi,1,8.4
7856,Manial,1,7.2
7857,Zamalek,5,0.6
7858,Helwan,2,2.3
7859,Dokki,2,5.4
7860,Rehab,1,1.7
7861,Agouza,2,1.0
7862,Nasr City,1,3.9
7863,Nasr City,5,4.3
7864,Madinaty,1,1.5
7865,New Cairo,4,3.3
7866,Ain Shams,1,1.2
7867,Ain Shams,2,4.8
7868,Mohandessin,5,4.0
7869,Helwan,1,7.2
7870,Giza,2,0.2
7871,Mohandessin,3,4.7
7872,Rehab,4,4.3
7873,Garden City,1,6.6
7874,Mohandessin,4,2.1
7875,Manial,3,1.2
7876,Zamalek,4,2.9
7877,Mohandessin,1,3.1
7878,New Cairo,3,4.0
7879,Mohandessin,4,1.3
7880,Madinaty,4,1.9
7881,Madinaty,4,5.3
7882,Maadi,4,9.0
7883,Mohandessin,3,8.6
7884,Dokki,5,6.1
7885,New Cairo,4,9.7
7886,Madinaty,3,8.1
7887,Heliopolis,5,8.6
7888,Nasr City,1,5.5
7889,Madinaty,5,8.4
7890,Mohandessin,2,6.2
7891,Dokki,1,3.1
7892,6th of October,5,8.8
7893,6th of October,3,2.3
7894,Zamalek,4,7.7
7895,New Cairo,3,1.8
7896,Giza,2,4.3
7897,Shubra,5,5.1
7898,Agouza,1,2.6
7899,6th of October,5,1.7
7900,Garden City,4,3.8
7901,Downtown,4,8.4
7902,Maadi,3,5.6
7903,Dokki,2,6.9
7904,New Cairo,1,5.2
7905,Nasr City,5,6.6
7906,Sheikh Zayed,3,3.5
7907,Giza,4,6.3
7908,New Cairo,2,7.4
7909,New Cairo,2,1.0
7910,Agouza,5,3.3
7911,Maadi,5,0.3
7912,Madinaty,5,7.8
7913,Ain Shams,1,0.9
7914,Ain Shams,1,3.1
7915,Rehab,5,3.0
7916,Sheikh Zayed,3,9.6
7917,Rehab,1,2.8
7918,Shubra,1,4.0
7919,Rehab,3,5.5
7920,New Cairo,4,8.8
7921,Downtown,4,8.5
7922,Shubra,5,7.6
7923,Zamalek,3,9.3
7924,Zamalek,5,6.6
7925,Sheikh Zayed,5,3.8
7926,Maadi,2,5.8
7927,Dokki,5,4.6
7928,Nasr City,5,8.4
7929,Maadi,4,3.1
7930,5th Settlement,4,6.5
7931,Garden City,3,0.3
7932,Ain Shams,1,4.2
7933,Maadi,2,3.4
7934,Rehab,3,7.1
7935,Agouza,5,9.2
7936,Nasr City,4,2.5
7937,Rehab,2,4.9
7938,Shubra,4,0.3
7939,Heliopolis,5,7.0
7940,Dokki,2,9.3
7941,Madinaty,5,4.3
7942,Zamalek,5,6.5
7943,Sheikh Zayed,4,0.3
7944,Sheikh Zayed,4,5.1
7945,Sheikh Zayed,3,3.4
7946,Maadi,4,6.8
7947,Mohandessin,5,4.8
7948,6th of October,2,4.2
7949,Manial,5,7.0
7950,Shubra,1,7.6
7951,Giza,3,7.4
7952,6th of October,5,8.5
7953,Heliopolis,4,1.5
7954,5th Settlement,4,0.7
7955,Zamalek,5,7.7
7956,Rehab,1,8.7
7957,Mohandessin,2,4.1
7958,Zamalek,4,8.4
7959,Agouza,1,7.7
7960,Agouza,5,4.8
7961,Sheikh Zayed,5,1.9
7962,Agouza,5,0.9
7963,Madinaty,1,9.3
7964,Ain Shams,3,5.7
7965,Mohandessin,2,9.7
7966,Rehab,1,4.7
7967,6th of October,5,5.4
7968,Shubra,5,2.7
7969,Nasr City,2,3.0
7970,Agouza,5,7.2
7971,Garden City,1,6.9
7972,Garden City,3,6.8
7973,Manial,1,3.1
7974,Helwan,5,1.2
7975,Ain Shams,4,6.1
7976,Shubra,5,0.4
7977,Manial,3,1.9
7978,Rehab,2,8.2
7979,New Cairo,5,0.1
7980,New Cairo,2,5.4
7981,Sheikh Zayed,3,5.7
7982,Garden City,1,6.6
7983,Zamalek,4,7.0
7984,Heliopolis,4,7.3
7985,Nasr City,4,4.8
7986,New Cairo,2,6.4
7987,Giza,5,6.8
7988,Maadi,1,5.8
7989,New Cairo,5,3.9
7990,Downtown,5,9.2
7991,Nasr City,2,1.0
7992,Maadi,1,9.4
7993,Manial,2,4.8
7994,6th of October,1,4.2
7995,Maadi,2,4.5
7996,5th Settlement,1,0.4
7997,Zamalek,4,5.2
7998,Downtown,5,1.7
7999,Ain Shams,5,1.7
8000,6th of October,3,1.8
8001,Giza,1,8.4
8002,Nasr City,4,6.6
8003,Sheikh Zayed,5,1.6
8004,Agouza,2,9.7
8005,Rehab,3,6.5
8006,Ain Shams,5,1.0
8007,Agouza,1,0.1
8008,Shubra,1,7.2
8009,Madinaty,4,1.8
8010,Nasr City,5,4.0
8011,Downtown,1,0.4
8012,Heliopolis,4,2.5
8013,Dokki,4,0.7
8014,New Cairo,3,2.0
8015,Giza,5,2.8
8016,Dokki,3,3.9
8017,Sheikh Zayed,4,3.4
8018,Zamalek,2,9.0
8019,6th of October,2,0.2
8020,Helwan,2,3.1
8021,Nasr City,5,4.1
8022,Downtown,2,1.0
8023,Garden City,1,4.6
8024,New Cairo,5,1.9
8025,Maadi,2,4.6
8026,Rehab,1,6.1
8027,6th of October,2,1.4
8028,Downtown,3,3.8
8029,Helwan,2,0.5
8030,Ain Shams,3,7.0
8031,Zamalek,5,5.1
8032,Helwan,3,8.2
8033,Garden City,4,6.8
8034,New Cairo,5,8.3
8035,Heliopolis,3,5.5
8036,Agouza,4,8.8
8037,Garden City,5,10.0
8038,Shubra,4,3.8
8039,Mohandessin,2,1.6
8040,Maadi,4,2.4
8041,Rehab,5,4.1
8042,Sheikh Zayed,4,7.8
8043,Zamalek,2,2.9
8044,6th of October,5,3.8
8045,Dokki,2,8.2
8046,New Cairo,2,7.5
8047,Shubra,2,6.1
8048,Ain Shams,5,1.7
8049,Nasr City,4,6.2
8050,Zamalek,4,4.2
8051,Agouza,5,9.5
8052,Mohandessin,3,4.1
8053,Agouza,5,3.8
8054,Downtown,5,6.6
8055,Manial,5,9.2
8056,Giza,5,2.6
8057,Shubra,5,7.4
8058,Madinaty,4,5.2
8059,Helwan,4,6.1
8060,Heliopolis,2,0.2
8061,Dokki,1,2.6
8062,New Cairo,5,5.3
8063,Heliopolis,3,8.1
8064,Sheikh Zayed,2,2.1
8065,Manial,1,9.8
8066,Downtown,4,1.6
8067,Nasr City,1,0.2
8068,Maadi,4,3.0
8069,Downtown,5,9.3
8070,Zamalek,3,7.3
8071,Garden City,1,7.4
8072,Agouza,1,8.7
8073,Heliopolis,1,2.3
8074,Agouza,4,2.1
8075,5th Settlement,4,3.3
8076,Agouza,5,1.4
8077,Giza,4,5.4
8078,Downtown,3,3.0
8079,Giza,5,9.1
8080,Downtown,1,9.7
8081,Garden City,3,5.2
8082,Nasr City,5,8.3
8083,Ain Shams,4,9.3
8084,Heliopolis,5,6.1
8085,5th Settlement,5,9.4
8086,Agouza,5,4.1
8087,Maadi,3,9.2
8088,Downtown,1,4.1
8089,Helwan,2,0.9
8090,Nasr City,4,6.3
8091,Ain Shams,1,6.2
8092,Ain Shams,5,9.4
8093,Madinaty,2,3.4
8094,6th of October,1,7.6
8095,6th of October,4,3.2
8096,Dokki,3,2.7
8097,Zamalek,2,2.3
8098,Manial,3,4.9
8099,Heliopolis,1,8.5
8100,Madinaty,4,0.6
8101,Dokki,1,2.0
8102,Helwan,1,5.0
8103,Zamalek,5,2.3
8104,Dokki,1,7.6
8105,Giza,5,1.6
8106,Agouza,5,7.5
8107,Agouza,2,7.3
8108,Mohandessin,2,5.2
8109,Mohandessin,3,4.7
8110,6th of October,3,7.3
8111,Rehab,3,2.8
8112,Nasr City,3,5.5
8113,Nasr City,4,5.0
8114,5th Settlement,4,7.5
8115,Garden City,3,8.7
8116,Nasr City,4,9.9
8117,Zamalek,5,4.2
8118,Madinaty,1,0.8
8119,5th Settlement,3,9.8
8120,Garden City,2,1.0
8121,Agouza,3,8.7
8122,Helwan,4,0.9
8123,New Cairo,1,2.0
8124,Zamalek,5,6.1
8125,Sheikh Zayed,1,8.0
8126,5th Settlement,1,3.5
8127,Heliopolis,3,7.3
8128,Rehab,3,9.0
8129,Manial,4,2.8
8130,Garden City,5,6.7
8131,Shubra,1,6.7
8132,Madinaty,1,6.5
8133,Nasr City,5,0.6
8134,Nasr City,3,2.5
8135,6th of October,1,3.3
8136,Nasr City,2,5.4
8137,5th Settlement,2,6.1
8138,5th Settlement,1,1.9
8139,Agouza,4,6.8
8140,Dokki,1,4.0
8141,Helwan,5,2.5
8142,New Cairo,1,5.6
8143,5th Settlement,5,6.6
8144,Shubra,3,0.2
8145,Giza,1,1.7
8146,Shubra,3,9.7
8147,Manial,2,7.0
8148,Garden City,3,8.7
8149,Downtown,2,7.2
8150,Mohandessin,5,0.6
8151,6th of October,3,9.9
8152,Sheikh Zayed,5,8.5
8153,Ain Shams,4,9.0
8154,Manial,5,0.5
8155,Maadi,5,4.9
8156,Heliopolis,5,1.8
8157,Zamalek,5,7.0
8158,6th of October,2,8.4
8159,Mohandessin,2,0.9
8160,Shubra,1,8.1
8161,5th Settlement,3,1.1
8162,5th Settlement,1,5.6
8163,Shubra,2,3.5
8164,Heliopolis,1,1.9
8165,Shubra,1,6.0
8166,Rehab,2,3.0
8167,Giza,2,1.6
8168,Madinaty,1,6.0
8169,New Cairo,3,4.8
8170,6th of October,4,7.1
8171,Maadi,5,7.3
8172,Downtown,2,6.8
8173,Zamalek,3,0.9
8174,Zamalek,5,4.0
8175,Garden City,5,5.8
8176,Madinaty,4,2.8
8177,Downtown,4,10.0
8178,Giza,5,1.9
8179,Nasr City,3,3.8
8180,Nasr City,2,2.4
8181,Zamalek,5,7.5
8182,Downtown,3,3.1
8183,5th Settlement,4,4.9
8184,Shubra,5,0.2
8185,Giza,1,4.1
8186,Maadi,4,4.0
8187,Ain Shams,1,4.0
8188,Downtown,5,3.8
8189,Zamalek,4,8.9
8190,Nasr City,5,2.7
8191,Heliopolis,1,5.5
8192,Agouza,1,8.6
8193,Dokki,1,6.0
8194,Garden City,1,8.1
8195,Downtown,1,1.5
8196,Giza,2,6.1
8197,Rehab,3,6.9
8198,Manial,3,5.7
8199,Heliopolis,5,2.4
8200,Dokki,4,6.5
8201,Manial,5,0.5
8202,Downtown,4,4.4
8203,Madinaty,3,3.6
8204,New Cairo,3,6.6
8205,Agouza,2,9.8
8206,6th of October,5,0.5
8207,6th of October,3,9.6
8208,Garden City,5,9.3
8209,5th Settlement,1,1.0
8210,Heliopolis,5,6.3
8211,Helwan,3,6.0
8212,6th of October,3,5.3
8213,Shubra,4,7.6
8214,Dokki,5,1.7
8215,Helwan,2,8.0
8216,Manial,4,1.3
8217,Ain Shams,4,0.6
8218,Ain Shams,1,0.2
8219,Downtown,3,8.1
8220,Nasr City,4,5.5
8221,Rehab,2,0.2
8222,Shubra,1,7.6
8223,Helwan,1,1.4
8224,Helwan,1,3.7
8225,Mohandessin,1,0.8
8226,Garden City,1,0.8
8227,Heliopolis,3,4.3
8228,Helwan,5,4.3
8229,Maadi,3,4.5
8230,New Cairo,3,1.4
8231,Garden City,5,0.8
8232,Rehab,5,3.3
8233,Shubra,3,2.7
8234,Helwan,2,7.3
8235,Giza,4,1.1
8236,Giza,4,5.9
8237,Zamalek,5,1.3
8238,5th Settlement,4,6.4
8239,6th of October,4,4.4
8240,Ain Shams,3,5.8
8241,Heliopolis,5,3.9
8242,Giza,5,2.4
8243,5th Settlement,4,5.0
8244,Nasr City,3,4.0
8245,Maadi,2,6.9
8246,Madinaty,4,9.7
8247,Zamalek,5,8.0
8248,Nasr City,1,2.7
8249,Dokki,1,5.7
8250,Ain Shams,4,6.1
8251,Mohandessin,2,2.5
8252,Manial,4,6.9
8253,Downtown,2,2.2
8254,Shubra,3,5.7
8255,Dokki,5,2.7
8256,Giza,2,9.2
8257,Shubra,4,7.7
8258,Agouza,2,3.8
8259,Rehab,4,2.7
8260,Manial,2,9.2
8261,5th Settlement,3,2.3
8262,Maadi,2,6.6
8263,Dokki,1,2.5
8264,New Cairo,1,5.8
8265,Manial,2,0.7
8266,Dokki,5,2.4
8267,Downtown,2,2.9
8268,Madinaty,1,9.6
8269,Sheikh Zayed,2,6.1
8270,Nasr City,4,8.9
8271,Giza,1,3.4
8272,New Cairo,3,3.3
8273,Shubra,1,1.4
8274,Rehab,3,9.2
8275,Manial,5,4.4
8276,5th Settlement,2,0.8
8277,Nasr City,4,1.3
8278,Garden City,2,7.9
8279,Dokki,4,6.8
8280,Downtown,2,9.9
8281,Rehab,4,5.0
8282,Zamalek,4,2.3
8283,Sheikh Zayed,1,8.9
8284,Shubra,3,9.6
8285,Nasr City,4,7.3
8286,5th Settlement,3,0.1
8287,Shubra,1,0.6
8288,Giza,2,3.4
8289,6th of October,2,6.3
8290,Zamalek,1,6.3
8291,6th of October,1,6.4
8292,Madinaty,3,1.4
8293,Ain Shams,4,0.3
8294,Helwan,5,7.8
8295,Rehab,4,1.8
8296,Agouza,1,1.5
8297,Ain Shams,2,8.4
8298,Maadi,2,0.2
8299,Mohandessin,5,7.1
8300,Helwan,4,6.7
8301,New Cairo,4,8.8
8302,6th of October,5,7.3
8303,Giza,5,4.5
8304,Agouza,2,4.9
8305,Mohandessin,5,1.1
8306,Agouza,4,7.0
8307,5th Settlement,3,7.5
8308,Manial,1,8.4
8309,Sheikh Zayed,4,2.7
8310,Manial,3,0.4
8311,Nasr City,3,8.2
8312,Mohandessin,2,6.0
8313,Ain Shams,3,8.3
8314,Downtown,2,2.2
8315,New Cairo,4,9.8
8316,Heliopolis,2,1.1
8317,Agouza,5,7.2
8318,Zamalek,1,8.1
8319,6th of October,5,3.4
8320,Garden City,3,9.3
8321,Zamalek,2,0.3
8322,Ain Shams,2,6.9
8323,Mohandessin,5,1.5
8324,6th of October,4,9.7
8325,Dokki,3,3.1
8326,Rehab,5,4.0
8327,Zamalek,5,7.0
8328,Sheikh Zayed,2,7.8
8329,Downtown,2,9.1
8330,5th Settlement,4,4.6
8331,5th Settlement,3,0.7
8332,Sheikh Zayed,1,0.8
8333,Zamalek,2,3.9
8334,New Cairo,5,7.0
8335,Shubra,3,6.5
8336,Agouza,5,4.7
8337,New Cairo,4,5.4
8338,Giza,5,0.3
8339,Rehab,5,4.3
8340,Shubra,2,2.8
8341,5th Settlement,2,8.8
8342,Manial,4,9.7
8343,Shubra,1,1.6
8344,5th Settlement,1,0.6
8345,Downtown,4,5.8
8346,Shubra,2,0.9
8347,Ain Shams,3,0.2
8348,Giza,4,3.6
8349,Ain Shams,3,6.9
8350,Sheikh Zayed,4,3.4
8351,Helwan,4,3.3
8352,Dokki,3,3.6
8353,New Cairo,1,4.8
8354,Shubra,5,0.2
8355,Sheikh Zayed,4,4.5
8356,Downtown,3,8.1
8357,Helwan,1,6.9
8358,Helwan,3,4.2
8359,Downtown,2,3.3
8360,6th of October,3,8.9
8361,Sheikh Zayed,5,0.8
8362,6th of October,1,6.2
8363,Mohandessin,2,1.5
8364,5th Settlement,4,5.3
8365,Garden City,3,0.3
8366,Maadi,1,8.2
8367,Garden City,4,4.6
8368,Manial,3,2.0
8369,New Cairo,2,8.1
8370,Sheikh Zayed,4,9.2
8371,Maadi,3,0.7
8372,5th Settlement,5,7.3
8373,Garden City,1,7.4
8374,New Cairo,1,9.8
8375,Agouza,1,2.2
8376,Ain Shams,1,5.9
8377,Madinaty,5,8.3
8378,Agouza,4,4.9
8379,New Cairo,3,1.4
8380,5th Settlement,3,9.9
8381,Helwan,4,1.2
8382,Sheikh Zayed,1,6.1
8383,Maadi,4,3.1
8384,Shubra,4,2.1
8385,Sheikh Zayed,1,3.1
8386,Madinaty,2,5.8
8387,Nasr City,3,5.8
8388,5th Settlement,1,5.9
8389,Ain Shams,1,1.5
8390,Manial,3,1.8
8391,Maadi,2,2.8
8392,Helwan,5,9.7
8393,Downtown,3,6.0
8394,Manial,1,5.3
8395,6th of October,2,4.7
8396,Heliopolis,5,0.5
8397,Rehab,4,7.5
8398,Ain Shams,4,2.9
8399,Helwan,1,3.7
8400,Zamalek,5,6.6
8401,New Cairo,5,9.0
8402,Mohandessin,1,7.2
8403,Downtown,5,5.1
8404,Sheikh Zayed,4,3.3
8405,New Cairo,1,7.0
8406,Dokki,2,5.7
8407,Garden City,2,6.5
8408,Ain Shams,1,9.7
8409,Helwan,5,7.4
8410,Manial,3,3.8
8411,Ain Shams,4,1.7
8412,Sheikh Zayed,2,3.0
8413,Rehab,2,1.1
8414,Shubra,4,7.0
8415,Agouza,2,1.9
8416,Zamalek,3,6.6
8417,Sheikh Zayed,1,1.0
8418,Sheikh Zayed,2,4.7
8419,Downtown,4,3.0
8420,Giza,5,8.3
8421,Manial,5,3.2
8422,Nasr City,4,6.0
8423,Garden City,2,9.3
8424,Downtown,2,4.7
8425,Heliopolis,4,6.6
8426,Agouza,1,6.3
8427,Dokki,2,9.8
8428,Agouza,1,4.8
8429,Ain Shams,3,0.5
8430,5th Settlement,4,8.3
8431,5th Settlement,3,0.7
8432,Rehab,5,8.1
8433,New Cairo,1,3.3
8434,Rehab,4,6.3
8435,Giza,2,5.0
8436,Zamalek,5,6.0
8437,Maadi,4,5.5
8438,Rehab,5,7.5
8439,Agouza,1,0.8
8440,Manial,1,3.3
8441,6th of October,3,5.6
8442,Manial,4,5.1
8443,5th Settlement,2,1.8
8444,5th Settlement,5,5.1
8445,Mohandessin,5,4.5
8446,Downtown,1,0.3
8447,Shubra,1,6.9
8448,Agouza,4,1.6
8449,Dokki,1,6.8
8450,Manial,1,9.4
8451,Giza,1,6.4
8452,5th Settlement,1,5.5
8453,Agouza,5,1.6
8454,Shubra,1,5.3
8455,Downtown,1,5.2
8456,Madinaty,1,6.5
8457,Shubra,5,9.2
8458,Heliopolis,1,0.5
8459,Downtown,2,4.6
8460,Downtown,5,4.9
8461,Shubra,5,5.6
8462,Garden City,2,6.1
8463,Sheikh Zayed,4,2.8
8464,Manial,4,6.6
8465,Garden City,3,9.2
8466,Madinaty,3,0.5
8467,Manial,4,4.7
8468,Garden City,2,8.6
8469,Rehab,1,3.4
8470,Rehab,2,8.0
8471,Dokki,2,7.4
8472,Giza,3,1.1
8473,Giza,4,6.4
8474,Maadi,3,6.8
8475,Zamalek,5,1.4
8476,Manial,2,4.8
8477,New Cairo,3,5.2
8478,Helwan,5,0.5
8479,Heliopolis,1,5.4
8480,6th of October,4,3.2
8481,Heliopolis,2,9.5
8482,Giza,1,9.4
8483,5th Settlement,4,2.1
8484,Shubra,5,1.2
8485,Maadi,5,6.1
8486,Rehab,5,6.4
8487,Maadi,2,4.5
8488,6th of October,3,2.4
8489,Sheikh Zayed,3,3.6
8490,Madinaty,5,2.7
8491,Nasr City,2,8.1
8492,Ain Shams,4,8.2
8493,Nasr City,1,9.5
8494,Downtown,5,4.4
8495,Mohandessin,4,3.3
8496,Mohandessin,1,5.1
8497,Madinaty,3,3.6
8498,Dokki,5,4.6
8499,Downtown,4,9.1
8500,Sheikh Zayed,4,2.4
8501,Mohandessin,1,9.6
8502,Zamalek,3,1.5
8503,6th of October,2,5.6
8504,Garden City,2,10.0
8505,Zamalek,4,1.8
8506,Helwan,1,8.6
8507,New Cairo,5,5.5
8508,Ain Shams,4,2.5
8509,Rehab,2,0.3
8510,Shubra,4,3.1
8511,Shubra,2,7.1
8512,Helwan,5,7.3
8513,6th of October,1,3.6
8514,Madinaty,3,9.2
8515,Manial,1,7.4
8516,Rehab,1,4.3
8517,Dokki,2,3.4
8518,Heliopolis,4,0.9
8519,Zamalek,3,5.7
8520,Heliopolis,2,8.9
8521,6th of October,3,7.9
8522,Shubra,1,6.7
8523,New Cairo,5,7.1
8524,Madinaty,4,2.1
8525,Downtown,5,2.9
8526,Downtown,5,8.1
8527,Garden City,2,4.1
8528,Nasr City,2,7.7
8529,Helwan,1,4.3
8530,Agouza,4,5.8
8531,Dokki,1,7.1
8532,Mohandessin,4,5.6
8533,Rehab,1,3.8
8534,Shubra,4,6.0
8535,Zamalek,1,4.2
8536,Giza,4,1.5
8537,New Cairo,2,9.2
8538,Maadi,2,8.1
8539,Downtown,2,8.0
8540,Garden City,3,6.8
8541,5th Settlement,1,6.2
8542,Mohandessin,4,0.8
8543,5th Settlement,2,9.7
8544,Madinaty,3,8.9
8545,Nasr City,1,6.2
8546,Rehab,5,4.8
8547,Downtown,3,0.8
8548,Shubra,1,2.8
8549,Nasr City,5,2.8
8550,Garden City,3,1.7
8551,6th of October,4,0.7
8552,Ain Shams,3,9.1
8553,Shubra,1,1.5
8554,Shubra,2,1.2
8555,Downtown,4,4.9
8556,Agouza,5,2.3
8557,Helwan,4,7.8
8558,Giza,3,8.9
8559,Dokki,2,5.9
8560,Rehab,4,4.9
8561,New Cairo,1,8.5
8562,Maadi,1,3.1
8563,5th Settlement,3,2.2
8564,Dokki,3,0.1
8565,Mohandessin,3,3.5
8566,New Cairo,5,7.8
8567,Downtown,2,4.1
8568,5th Settlement,2,5.4
8569,6th of October,4,5.8
8570,Garden City,1,7.6
8571,Helwan,3,2.6
8572,Zamalek,3,3.8
8573,6th of October,5,6.9
8574,Downtown,3,8.3
8575,New Cairo,5,1.0
8576,Sheikh Zayed,4,4.6
8577,Giza,2,5.9
8578,Nasr City,3,0.7
8579,Giza,3,0.2
8580,Madinaty,4,2.5
8581,Sheikh Zayed,2,4.3
8582,Sheikh Zayed,3,0.6
8583,Maadi,1,5.1
8584,5th Settlement,4,7.3
8585,Zamalek,3,9.7
8586,Zamalek,3,2.1
8587,Zamalek,3,1.0
8588,Madinaty,5,2.4
8589,Heliopolis,1,4.2
8590,5th Settlement,1,4.9
8591,Heliopolis,1,5.5
8592,Shubra,5,6.2
8593,6th of October,2,3.3
8594,Rehab,1,3.4
8595,5th Settlement,1,4.1
8596,Ain Shams,5,1.5
8597,Garden City,1,6.6
8598,New Cairo,2,3.8
8599,Mohandessin,1,7.1
8600,Maadi,2,4.1
8601,Dokki,5,2.0
8602,Giza,3,4.4
8603,Nasr City,3,9.1
8604,Downtown,2,9.2
8605,Heliopolis,1,3.0
8606,Downtown,1,3.0
8607,Madinaty,1,4.1
8608,Zamalek,3,1.1
8609,Agouza,5,3.3
8610,Heliopolis,4,1.5
8611,Garden City,2,4.3
8612,Sheikh Zayed,2,8.5
8613,Downtown,3,1.4
8614,Giza,2,0.5
8615,Agouza,2,8.7
8616,Dokki,1,1.9
8617,Downtown,1,3.8
8618,Manial,1,1.0
8619,Heliopolis,2,8.5
8620,6th of October,2,2.6
8621,Heliopolis,2,2.3
8622,Dokki,3,2.4
8623,Shubra,1,1.9
8624,Dokki,2,8.0
8625,New Cairo,3,7.4
8626,Ain Shams,3,8.3
8627,Mohandessin,3,3.4
8628,Shubra,3,1.9
8629,6th of October,5,7.7
8630,Nasr City,2,4.5
8631,Sheikh Zayed,4,2.7
8632,New Cairo,2,4.4
8633,Agouza,3,7.5
8634,Rehab,4,2.6
8635,Garden City,3,6.3
8636,5th Settlement,3,6.7
8637,Madinaty,2,1.9
8638,Zamalek,3,3.6
8639,Shubra,4,6.9
8640,Giza,5,3.8
8641,New Cairo,4,8.5
8642,Shubra,2,7.7
8643,Garden City,5,3.8
8644,Ain Shams,4,0.7
8645,New Cairo,4,3.1
8646,Helwan,2,7.8
8647,Agouza,3,2.6
8648,Rehab,3,1.7
8649,Shubra,4,9.2
8650,Garden City,3,7.2
8651,Agouza,4,2.2
8652,Agouza,5,1.4
8653,Garden City,2,8.9
8654,Shubra,4,3.0
8655,Downtown,3,9.2
8656,Madinaty,1,1.1
8657,Rehab,4,1.7
8658,5th Settlement,2,9.5
8659,Mohandessin,3,3.3
8660,Giza,5,4.2
8661,Garden City,5,7.5
8662,Heliopolis,4,0.4
8663,Downtown,3,7.3
8664,Agouza,2,5.7
8665,5th Settlement,1,6.2
8666,Helwan,2,4.2
8667,Sheikh Zayed,1,6.8
8668,Sheikh Zayed,2,1.1
8669,Zamalek,1,7.0
8670,Madinaty,2,2.5
8671,Shubra,1,4.8
8672,Dokki,1,4.8
8673,New Cairo,5,9.4
8674,Madinaty,5,6.2
8675,Nasr City,5,9.0
8676,Shubra,3,9.0
8677,Heliopolis,2,5.8
8678,6th of October,4,9.8
8679,Agouza,3,7.9
8680,Rehab,4,7.9
8681,New Cairo,2,1.9
8682,Dokki,4,7.5
8683,6th of October,3,8.4
8684,Mohandessin,2,7.5
8685,Rehab,2,6.0
8686,Agouza,5,7.5
8687,6th of October,1,6.3
8688,Agouza,3,2.2
8689,Zamalek,1,5.1
8690,Ain Shams,4,1.9
8691,Agouza,4,7.2
8692,Ain Shams,4,1.0
8693,Nasr City,4,9.9
8694,5th Settlement,2,6.9
8695,Garden City,5,2.3
8696,Heliopolis,4,1.2
8697,Helwan,5,1.2
8698,Shubra,2,0.4
8699,New Cairo,5,5.7
8700,Zamalek,2,0.4
8701,New Cairo,3,2.3
8702,Ain Shams,4,2.2
8703,Mohandessin,3,6.6
8704,Heliopolis,3,5.4
8705,Agouza,5,0.6
8706,New Cairo,1,8.0
8707,Zamalek,4,7.3
8708,Mohandessin,1,5.0
8709,New Cairo,5,0.8
8710,Shubra,1,1.0
8711,Agouza,5,9.8
8712,Zamalek,1,6.7
8713,6th of October,2,0.6
8714,Maadi,2,8.9
8715,Ain Shams,4,5.3
8716,Shubra,5,9.3
8717,Zamalek,5,10.0
8718,Garden City,3,6.1
8719,Mohandessin,3,1.5
8720,Giza,3,5.1
8721,Downtown,1,5.6
8722,Mohandessin,1,2.2
8723,Madinaty,5,4.3
8724,Heliopolis,4,9.8
8725,Agouza,1,8.4
8726,5th Settlement,4,2.1
8727,Giza,4,0.7
8728,Zamalek,4,1.1
8729,Downtown,1,1.2
8730,6th of October,1,5.9
8731,6th of October,4,10.0
8732,Nasr City,2,6.7
8733,Sheikh Zayed,5,9.7
8734,Zamalek,3,8.0
8735,Downtown,5,1.0
8736,6th of October,3,4.6
8737,Madinaty,1,1.5
8738,Manial,2,7.7
8739,Madinaty,5,9.7
8740,Shubra,3,3.7
8741,Mohandessin,5,8.6
8742,5th Settlement,1,0.8
8743,Madinaty,3,0.5
8744,Heliopolis,4,6.2
8745,Agouza,3,1.3
8746,Downtown,1,1.8
8747,Maadi,1,3.5
8748,Zamalek,3,7.1
8749,Maadi,4,2.3
8750,Ain Shams,2,6.0
8751,Ain Shams,5,3.9
8752,Helwan,3,2.6
8753,Giza,2,1.8
8754,Madinaty,3,7.6
8755,Nasr City,2,8.9
8756,6th of October,4,6.4
8757,Zamalek,4,7.2
8758,Manial,5,5.9
8759,Sheikh Zayed,3,2.8
8760,Manial,3,4.3
8761,Manial,2,5.1
8762,Nasr City,3,9.8
8763,Giza,4,1.1
8764,Shubra,2,4.6
8765,Sheikh Zayed,3,3.7
8766,Dokki,4,8.9
8767,Zamalek,4,6.4
8768,Shubra,2,1.6
8769,Helwan,4,7.6
8770,New Cairo,4,3.7
8771,Madinaty,1,8.8
8772,Zamalek,3,6.7
8773,New Cairo,1,8.6
8774,Nasr City,4,8.4
8775,Ain Shams,2,5.1
8776,Sheikh Zayed,4,2.7
8777,Heliopolis,1,7.8
8778,Ain Shams,4,0.1
8779,Maadi,3,5.5
8780,Heliopolis,4,9.9
8781,Downtown,1,1.4
8782,Dokki,2,4.8
8783,Heliopolis,1,5.1
8784,Dokki,2,3.6
8785,5th Settlement,2,2.4
8786,5th Settlement,2,1.9
8787,5th Settlement,3,2.9
8788,Downtown,5,4.8
8789,Manial,5,2.0
8790,Maadi,1,6.0
8791,Maadi,5,2.8
8792,Manial,1,2.8
8793,Heliopolis,1,2.4
8794,Helwan,1,9.4
8795,Giza,2,8.3
8796,Rehab,2,3.3
8797,Sheikh Zayed,5,1.7
8798,Nasr City,4,1.4
8799,Helwan,4,3.0
8800,Maadi,5,5.6
8801,Sheikh Zayed,2,7.6
8802,5th Settlement,1,0.4
8803,Nasr City,3,8.5
8804,6th of October,3,1.1
8805,Zamalek,5,2.5
8806,Downtown,5,3.4
8807,Heliopolis,3,7.6
8808,5th Settlement,4,3.0
8809,6th of October,2,8.0
8810,Dokki,1,5.6
8811,5th Settlement,5,6.5
8812,Shubra,2,2.3
8813,Madinaty,5,7.6
8814,Nasr City,2,6.5
8815,Agouza,1,4.7
8816,Heliopolis,2,6.7
8817,Manial,4,8.3
8818,Garden City,4,2.6
8819,Nasr City,3,6.0
8820,5th Settlement,3,8.2
8821,Madinaty,3,9.6
8822,6th of October,1,6.0
8823,New Cairo,2,5.5
8824,Nasr City,4,5.8
8825,Ain Shams,5,6.1
8826,6th of October,3,6.4
8827,Sheikh Zayed,5,8.9
8828,Ain Shams,1,8.0
8829,Maadi,4,3.8
8830,Rehab,2,3.4
8831,New Cairo,3,2.4
8832,Maadi,1,4.5
8833,Downtown,4,4.1
8834,Garden City,4,4.2
8835,Zamalek,3,6.7
8836,5th Settlement,1,5.9
8837,Garden City,1,1.5
8838,Mohandessin,4,5.2
8839,Manial,5,7.3
8840,Manial,4,1.7
8841,6th of October,4,3.0
8842,Madinaty,2,7.8
8843,Nasr City,5,3.3
8844,Dokki,2,2.9
8845,New Cairo,2,7.5
8846,Sheikh Zayed,1,2.2
8847,New Cairo,1,7.7
8848,Downtown,3,4.6
8849,Giza,3,1.2
8850,Shubra,5,2.5
8851,5th Settlement,3,1.2
8852,6th of October,5,3.2
8853,Shubra,2,9.3
8854,Agouza,4,8.4
8855,New Cairo,2,0.2
8856,Maadi,2,3.8
8857,Mohandessin,2,10.0
8858,Manial,3,6.6
8859,6th of October,3,6.8
8860,Garden City,1,1.9
8861,5th Settlement,2,3.3
8862,Garden City,1,5.3
8863,Downtown,5,2.9
8864,Dokki,5,4.4
8865,Rehab,2,6.0
8866,6th of October,2,1.1
8867,Downtown,1,6.0
8868,Ain Shams,4,3.1
8869,Dokki,1,5.5
8870,Garden City,5,3.7
8871,Shubra,4,1.8
8872,Madinaty,1,6.1
8873,Downtown,3,4.0
8874,Mohandessin,1,7.5
8875,Agouza,2,8.4
8876,6th of October,5,5.1
8877,Helwan,1,7.8
8878,Maadi,4,1.9
8879,Agouza,1,1.0
8880,Garden City,2,1.2
8881,Manial,2,2.2
8882,Madinaty,1,4.9
8883,Nasr City,1,6.1
8884,Dokki,5,6.5
8885,Ain Shams,1,6.5
8886,Dokki,3,3.8
8887,New Cairo,4,3.8
8888,Helwan,3,0.7
8889,6th of October,1,9.7
8890,Agouza,5,7.3
8891,Downtown,2,8.1
8892,Helwan,2,0.1
8893,Garden City,1,1.5
8894,Rehab,4,9.6
8895,5th Settlement,1,9.2
8896,Shubra,3,2.9
8897,6th of October,2,4.5
8898,Heliopolis,5,4.5
8899,Helwan,2,3.0
8900,Heliopolis,1,6.8
8901,Madinaty,4,6.7
8902,Ain Shams,3,9.7
8903,Dokki,4,0.7
8904,Ain Shams,1,6.5
8905,Agouza,2,1.3
8906,Giza,4,5.6
8907,Ain Shams,1,5.5
8908,Manial,1,8.0
8909,Garden City,1,1.6
8910,Shubra,4,6.8
8911,Rehab,1,6.3
8912,Madinaty,4,3.9
8913,Garden City,2,2.1
8914,Madinaty,1,1.6
8915,Agouza,2,5.4
8916,Downtown,4,0.8
8917,Sheikh Zayed,3,8.2
8918,Helwan,4,6.5
8919,Madinaty,1,2.3
8920,Downtown,5,0.9
8921,Nasr City,1,3.2
8922,Garden City,4,0.4
8923,Garden City,5,8.3
8924,Agouza,2,7.5
8925,Zamalek,2,8.7
8926,Ain Shams,3,1.5
8927,Sheikh Zayed,4,6.0
8928,Mohandessin,2,3.9
8929,5th Settlement,3,9.7
8930,5th Settlement,2,1.1
8931,Madinaty,4,8.0
8932,Zamalek,3,3.5
8933,Sheikh Zayed,2,9.0
8934,Heliopolis,3,0.5
8935,Nasr City,4,6.7
8936,Dokki,4,8.1
8937,Dokki,4,4.0
8938,Garden City,3,4.5
8939,Downtown,4,0.7
8940,New Cairo,3,1.9
8941,Garden City,2,9.4
8942,Helwan,4,4.9
8943,Shubra,5,3.2
8944,Ain Shams,3,4.7
8945,Sheikh Zayed,3,5.3
8946,Dokki,2,5.9
8947,Agouza,3,2.9
8948,Heliopolis,1,7.1
8949,Downtown,3,3.1
8950,Ain Shams,5,0.2
8951,Agouza,4,1.4
8952,5th Settlement,3,3.3
8953,Downtown,1,8.6
8954,Downtown,4,8.7
8955,Madinaty,2,8.8
8956,Garden City,3,6.0
8957,Manial,4,7.1
8958,Mohandessin,3,5.9
8959,New Cairo,2,6.9
8960,Agouza,1,0.8
8961,Helwan,1,3.1
8962,Mohandessin,3,1.9
8963,Rehab,5,8.9
8964,Nasr City,3,9.8
8965,Madinaty,5,9.1
8966,Downtown,3,4.7
8967,Sheikh Zayed,3,1.3
8968,Maadi,4,7.0
8969,Garden City,5,0.3
8970,Zamalek,3,5.3
8971,Downtown,2,4.6
8972,Downtown,1,2.0
8973,New Cairo,3,9.3
8974,Shubra,4,0.7
8975,Rehab,1,4.1
8976,Ain Shams,2,4.0
8977,Sheikh Zayed,4,6.7
8978,Heliopolis,1,2.1
8979,Downtown,1,9.9
8980,Maadi,5,8.2
8981,New Cairo,2,3.0
8982,New Cairo,5,3.9
8983,Mohandessin,4,2.1
8984,Agouza,4,8.5
8985,Sheikh Zayed,2,0.3
8986,5th Settlement,5,9.4
8987,Zamalek,2,4.1
8988,Giza,3,3.9
8989,6th of October,4,6.1
8990,Manial,2,8.8
8991,Helwan,4,0.3
8992,Maadi,1,2.9
8993,Downtown,3,8.7
8994,Zamalek,5,6.3
8995,Helwan,1,9.3
8996,Nasr City,1,8.3
8997,Giza,3,1.2
8998,Madinaty,3,4.0
8999,Sheikh Zayed,1,7.9
9000,Maadi,2,5.5
9001,Sheikh Zayed,5,9.5
9002,Maadi,3,6.4
9003,Zamalek,1,2.6
9004,New Cairo,2,2.9
9005,Shubra,4,0.7
9006,Giza,1,8.9
9007,Giza,2,6.9
9008,Heliopolis,3,5.3
9009,Mohandessin,4,5.2
9010,Giza,3,3.2
9011,Mohandessin,1,5.1
9012,Nasr City,1,6.3
9013,Sheikh Zayed,3,9.2
9014,Rehab,1,3.9
9015,Rehab,5,4.9
9016,Zamalek,5,2.7
9017,Rehab,1,0.5
9018,Manial,5,4.1
9019,Mohandessin,4,7.0
9020,Ain Shams,1,7.0
9021,Sheikh Zayed,4,1.2
9022,Sheikh Zayed,4,4.3
9023,Agouza,5,1.2
9024,Shubra,4,4.8
9025,Sheikh Zayed,2,3.6
9026,Dokki,4,6.7
9027,Maadi,3,0.8
9028,Giza,5,8.7
9029,Mohandessin,3,2.2
9030,5th Settlement,1,3.6
9031,Ain Shams,3,5.9
9032,Downtown,5,4.5
9033,Helwan,2,3.8
9034,Agouza,5,9.9
9035,Sheikh Zayed,2,7.7
9036,Shubra,4,2.9
9037,Heliopolis,4,6.6
9038,Madinaty,3,9.1
9039,Zamalek,3,5.6
9040,New Cairo,4,5.4
9041,Madinaty,5,4.3
9042,Nasr City,2,8.7
9043,Sheikh Zayed,3,0.2
9044,Rehab,2,2.1
9045,Shubra,4,4.8
9046,Garden City,3,6.0
9047,Helwan,1,3.2
9048,Downtown,5,1.7
9049,6th of October,4,3.8
9050,Garden City,1,1.2
9051,Rehab,2,8.1
9052,Nasr City,5,9.4
9053,Madinaty,2,9.2
9054,Nasr City,4,8.9
9055,Garden City,5,7.7
9056,Dokki,4,8.7
9057,Madinaty,4,8.0
9058,Heliopolis,1,9.2
9059,Sheikh Zayed,3,8.8
9060,Downtown,4,1.5
9061,Shubra,2,6.6
9062,Manial,1,0.1
9063,Zamalek,2,0.2
9064,Downtown,3,0.8
9065,6th of October,3,1.5
9066,Maadi,3,4.9
9067,Madinaty,4,7.4
9068,Heliopolis,5,9.9
9069,Ain Shams,1,8.4
9070,Agouza,4,6.8
9071,Helwan,5,1.2
9072,Shubra,4,4.4
9073,Ain Shams,3,7.7
9074,Manial,4,0.5
9075,Garden City,2,5.3
9076,New Cairo,1,2.9
9077,Helwan,2,0.3
9078,6th of October,2,1.7
9079,Shubra,3,9.9
9080,Rehab,5,2.0
9081,Dokki,2,2.1
9082,Agouza,1,8.4
9083,Garden City,5,7.6
9084,Rehab,1,7.1
9085,6th of October,4,3.7
9086,Ain Shams,1,6.8
9087,Giza,4,7.6
9088,Agouza,1,7.9
9089,Giza,1,0.9
9090,Heliopolis,1,7.5
9091,Downtown,4,0.8
9092,Sheikh Zayed,1,0.2
9093,Helwan,5,1.4
9094,Mohandessin,3,5.8
9095,Giza,5,8.5
9096,5th Settlement,2,4.6
9097,6th of October,5,2.3
9098,Mohandessin,3,5.1
9099,Zamalek,5,5.0
9100,6th of October,5,2.0
9101,Agouza,1,4.1
9102,Shubra,2,8.2
9103,Sheikh Zayed,4,9.7
9104,Shubra,3,9.9
9105,Garden City,2,6.8
9106,Mohandessin,1,0.3
9107,Madinaty,2,9.4
9108,Ain Shams,4,8.2
9109,Sheikh Zayed,2,3.7
9110,5th Settlement,3,3.2
9111,Agouza,2,2.7
9112,Madinaty,2,9.9
9113,Maadi,1,3.0
9114,Downtown,1,6.9
9115,Maadi,1,5.5
9116,Shubra,1,3.1
9117,Agouza,1,3.3
9118,Giza,3,5.6
9119,Downtown,4,2.2
9120,Shubra,2,8.8
9121,Mohandessin,2,7.3
9122,Ain Shams,2,3.3
9123,Mohandessin,1,3.9
9124,Maadi,1,1.0
9125,Agouza,1,7.3
9126,Manial,5,5.3
9127,5th Settlement,4,2.4
9128,Nasr City,3,5.3
9129,5th Settlement,1,8.6
9130,Garden City,3,1.8
9131,New Cairo,1,7.0
9132,Manial,2,3.4
9133,Maadi,5,6.3
9134,Maadi,3,7.4
9135,Rehab,4,7.1
9136,Garden City,4,4.3
9137,5th Settlement,1,4.0
9138,Zamalek,2,5.2
9139,Ain Shams,5,9.9
9140,Agouza,3,0.8
9141,New Cairo,4,7.8
9142,Helwan,2,8.5
9143,Zamalek,1,0.8
9144,5th Settlement,2,9.8
9145,Garden City,1,6.8
9146,Ain Shams,4,8.6
9147,Manial,4,9.3
9148,6th of October,2,6.2
9149,Agouza,1,1.0
9150,Downtown,4,7.5
9151,Madinaty,4,6.1
9152,Helwan,1,7.4
9153,Heliopolis,4,7.6
9154,Ain Shams,4,8.1
9155,Heliopolis,5,6.9
9156,Shubra,2,5.0
9157,5th Settlement,2,6.6
9158,Garden City,4,4.2
9159,Helwan,1,5.5
9160,Shubra,2,1.0
9161,Shubra,2,4.7
9162,Dokki,4,6.0
9163,Rehab,5,4.4
9164,Sheikh Zayed,1,8.3
9165,Mohandessin,4,5.7
9166,Zamalek,4,6.5
9167,Giza,2,9.9
9168,Manial,5,2.0
9169,Nasr City,4,9.7
9170,Agouza,2,3.0
9171,Agouza,5,8.1
9172,Giza,3,1.2
9173,Madinaty,4,6.3
9174,Giza,5,1.6
9175,Shubra,3,8.4
9176,Mohandessin,5,0.3
9177,5th Settlement,1,3.8
9178,Zamalek,3,3.2
9179,Rehab,1,1.3
9180,Shubra,3,8.9
9181,Agouza,2,4.9
9182,Downtown,5,5.8
9183,Helwan,4,9.6
9184,Zamalek,5,3.6
9185,Zamalek,1,5.4
9186,6th of October,5,8.4
9187,Maadi,3,4.3
9188,Nasr City,5,7.8
9189,New Cairo,5,1.9
9190,Dokki,5,7.1
9191,5th Settlement,4,9.5
9192,Rehab,1,3.6
9193,Nasr City,2,6.3
9194,Nasr City,1,5.9
9195,Downtown,3,1.1
9196,Zamalek,5,6.4
9197,Maadi,4,4.0
9198,Agouza,1,2.8
9199,Manial,3,4.1
9200,Dokki,2,1.6
9201,Mohandessin,4,2.3
9202,Heliopolis,5,6.1
9203,Dokki,1,0.3
9204,Madinaty,2,0.2
9205,Downtown,3,0.3
9206,Shubra,4,7.9
9207,Agouza,4,1.5
9208,Madinaty,3,3.7
9209,Giza,4,9.9
9210,Zamalek,3,8.9
9211,Manial,3,3.1
9212,Madinaty,3,9.0
9213,Shubra,5,0.6
9214,Mohandessin,3,9.0
9215,New Cairo,3,6.5
9216,Giza,1,2.3
9217,Ain Shams,5,2.9
9218,Ain Shams,3,9.8
9219,Sheikh Zayed,2,9.3
9220,New Cairo,5,6.7
9221,6th of October,5,2.1
9222,Garden City,3,7.4
9223,Ain Shams,2,6.6
9224,Madinaty,2,8.6
9225,Shubra,3,4.4
9226,Garden City,2,5.2
9227,Rehab,4,0.4
9228,Madinaty,1,3.7
9229,Manial,3,9.3
9230,Ain Shams,5,2.5
9231,New Cairo,3,5.7
9232,Ain Shams,5,2.5
9233,5th Settlement,1,6.9
9234,6th of October,3,3.6
9235,Helwan,1,8.0
9236,5th Settlement,3,6.0
9237,Dokki,1,4.1
9238,Mohandessin,3,0.6
9239,Manial,2,1.8
9240,Rehab,4,5.7
9241,Madinaty,2,2.4
9242,Agouza,3,8.5
9243,Helwan,1,2.8
9244,Nasr City,1,2.5
9245,Giza,5,4.3
9246,Heliopolis,3,9.9
9247,Downtown,1,0.5
9248,Giza,1,3.1
9249,5th Settlement,1,6.6
9250,Giza,2,3.2
9251,Downtown,4,8.9
9252,Garden City,2,6.0
9253,Manial,3,7.5
9254,Heliopolis,1,2.0
9255,Helwan,5,1.5
9256,Dokki,4,0.4
9257,Rehab,3,3.6
9258,Ain Shams,4,1.6
9259,Helwan,1,9.1
9260,Sheikh Zayed,3,6.9
9261,Sheikh Zayed,2,5.0
9262,Helwan,3,5.6
9263,Zamalek,3,3.0
9264,Ain Shams,1,6.4
9265,Zamalek,5,8.0
9266,Heliopolis,1,2.4
9267,6th of October,3,4.8
9268,Giza,2,8.3
9269,Maadi,4,6.9
9270,Dokki,5,1.4
9271,Ain Shams,4,8.5
9272,Rehab,3,2.1
9273,Downtown,1,3.9
9274,Madinaty,3,6.7
9275,Dokki,4,9.6
9276,Heliopolis,2,2.6
9277,Nasr City,5,7.6
9278,Heliopolis,5,2.6
9279,Rehab,4,9.8
9280,Agouza,5,1.7
9281,Ain Shams,5,9.3
9282,Manial,4,2.4
9283,Garden City,5,2.5
9284,Zamalek,4,6.0
9285,Maadi,3,7.5
9286,Giza,5,3.4
9287,5th Settlement,2,8.2
9288,Downtown,4,9.2
9289,Heliopolis,2,4.5
9290,Mohandessin,3,9.5
9291,Sheikh Zayed,5,7.8
9292,Maadi,3,5.4
9293,Zamalek,3,5.1
9294,Maadi,2,6.5
9295,Garden City,4,3.8
9296,Maadi,2,3.0
9297,Garden City,1,5.6
9298,Downtown,4,2.5
9299,Helwan,4,3.7
9300,Dokki,5,3.8
9301,Heliopolis,3,6.1
9302,Nasr City,3,3.0
9303,Mohandessin,1,6.3
9304,Mohandessin,3,5.3
9305,Manial,3,2.6
9306,Zamalek,1,2.3
9307,Dokki,5,6.9
9308,Heliopolis,1,4.9
9309,Ain Shams,2,3.3
9310,Heliopolis,4,6.9
9311,Shubra,3,6.1
9312,Rehab,2,8.1
9313,Sheikh Zayed,1,8.6
9314,Downtown,5,8.4
9315,Maadi,5,0.9
9316,Manial,2,4.9
9317,Agouza,5,1.7
9318,Agouza,1,2.5
9319,Rehab,2,7.9
9320,Ain Shams,4,6.8
9321,Nasr City,3,1.2
9322,Sheikh Zayed,4,1.5
9323,Rehab,3,4.9
9324,Manial,5,3.5
9325,Zamalek,3,8.4
9326,Maadi,3,8.6
9327,Maadi,1,2.8
9328,Dokki,1,8.1
9329,Shubra,5,1.4
9330,Madinaty,5,2.5
9331,Mohandessin,3,6.2
9332,Maadi,2,6.4
9333,Sheikh Zayed,4,6.0
9334,Shubra,1,4.6
9335,Maadi,3,2.5
9336,Mohandessin,3,0.2
9337,Rehab,3,4.1
9338,Zamalek,5,3.0
9339,Downtown,2,7.1
9340,5th Settlement,5,7.9
9341,Zamalek,2,1.1
9342,Downtown,4,8.3
9343,Maadi,3,1.8
9344,Garden City,3,1.1
9345,Heliopolis,5,3.8
9346,Downtown,1,3.2
9347,5th Settlement,5,1.1
9348,Garden City,2,1.8
9349,5th Settlement,2,0.4
9350,Zamalek,4,6.9
9351,Ain Shams,2,5.3
9352,Nasr City,2,4.2
9353,Zamalek,4,5.4
9354,Shubra,5,9.9
9355,Sheikh Zayed,5,0.2
9356,Madinaty,4,7.1
9357,Maadi,1,4.9
9358,Downtown,1,0.3
9359,Heliopolis,1,2.6
9360,Nasr City,4,9.7
9361,Garden City,3,1.2
9362,Nasr City,5,5.7
9363,Giza,1,8.4
9364,Rehab,1,1.9
9365,Zamalek,1,5.3
9366,Agouza,1,8.8
9367,6th of October,3,6.3
9368,Helwan,4,2.7
9369,Downtown,5,6.1
9370,Giza,4,4.0
9371,Manial,2,8.2
9372,Madinaty,1,4.6
9373,Rehab,1,2.4
9374,Sheikh Zayed,5,6.9
9375,Downtown,4,4.2
9376,Helwan,4,2.5
9377,Shubra,4,1.2
9378,Rehab,5,9.2
9379,Nasr City,3,2.3
9380,Mohandessin,4,3.7
9381,5th Settlement,5,1.1
9382,6th of October,1,4.8
9383,Downtown,2,1.7
9384,6th of October,4,6.9
9385,6th of October,3,9.6
9386,Shubra,2,7.9
9387,Mohandessin,2,5.0
9388,Heliopolis,1,0.1
9389,Ain Shams,1,8.1
9390,Dokki,1,6.9
9391,6th of October,5,3.8
9392,Manial,4,2.3
9393,Ain Shams,2,9.9
9394,Ain Shams,3,8.9
9395,New Cairo,4,4.8
9396,5th Settlement,5,3.2
9397,Sheikh Zayed,4,3.9
9398,Mohandessin,4,9.3
9399,Garden City,1,5.6
9400,5th Settlement,2,0.4
9401,Manial,2,4.9
9402,Garden City,1,4.1
9403,Agouza,2,7.7
9404,Downtown,5,7.5
9405,Dokki,4,1.2
9406,Shubra,3,9.4
9407,New Cairo,1,6.0
9408,New Cairo,1,0.5
9409,Downtown,5,3.8
9410,5th Settlement,4,1.0
9411,Sheikh Zayed,2,1.8
9412,Heliopolis,5,2.9
9413,Zamalek,5,2.0
9414,Agouza,4,1.2
9415,Madinaty,3,6.6
9416,Sheikh Zayed,5,6.8
9417,Sheikh Zayed,3,7.3
9418,Madinaty,3,8.3
9419,Rehab,5,5.9
9420,Giza,2,6.0
9421,Downtown,1,9.3
9422,Heliopolis,3,5.0
9423,Ain Shams,3,5.5
9424,Helwan,5,9.9
9425,5th Settlement,5,7.4
9426,Heliopolis,1,5.4
9427,Madinaty,2,4.4
9428,Giza,4,6.4
9429,Heliopolis,4,8.6
9430,Heliopolis,2,2.1
9431,Helwan,3,6.0
9432,Dokki,4,4.5
9433,Manial,3,1.1
9434,Mohandessin,4,6.1
9435,Sheikh Zayed,1,9.1
9436,Mohandessin,5,1.0
9437,Agouza,5,8.5
9438,Maadi,4,8.9
9439,Dokki,1,5.4
9440,Mohandessin,1,1.2
9441,Ain Shams,4,5.0
9442,Dokki,1,3.5
9443,Mohandessin,4,4.0
9444,Garden City,1,9.2
9445,Sheikh Zayed,3,4.8
9446,Maadi,1,2.8
9447,Manial,1,3.2
9448,Dokki,5,2.5
9449,6th of October,3,3.6
9450,Giza,5,5.2
9451,Ain Shams,2,2.3
9452,Agouza,5,6.8
9453,Heliopolis,2,7.6
9454,New Cairo,2,4.9
9455,Downtown,2,6.1
9456,Giza,1,9.1
9457,New Cairo,1,4.4
9458,Dokki,3,8.4
9459,Zamalek,3,5.6
9460,Ain Shams,2,8.3
9461,Heliopolis,2,9.1
9462,Shubra,1,7.1
9463,5th Settlement,4,1.3
9464,Manial,3,2.4
9465,Heliopolis,2,3.6
9466,5th Settlement,3,7.3
9467,Heliopolis,3,3.3
9468,Maadi,5,4.0
9469,Madinaty,5,2.5
9470,Giza,5,4.1
9471,Agouza,4,0.6
9472,6th of October,3,7.0
9473,Agouza,5,8.8
9474,New Cairo,1,4.7
9475,Manial,5,5.7
9476,Heliopolis,4,8.7
9477,Mohandessin,3,4.9
9478,Zamalek,4,6.5
9479,Zamalek,1,4.1
9480,Mohandessin,5,8.8
9481,Ain Shams,4,4.8
9482,Downtown,1,0.4
9483,Garden City,3,4.8
9484,Dokki,3,9.7
9485,Dokki,2,1.4
9486,New Cairo,1,7.4
9487,Sheikh Zayed,2,6.9
9488,Maadi,4,8.1
9489,Garden City,2,6.8
9490,Ain Shams,3,7.4
9491,Nasr City,1,3.2
9492,Heliopolis,3,8.9
9493,Dokki,3,3.0
9494,5th Settlement,3,7.6
9495,Nasr City,2,1.6
9496,Garden City,3,7.0
9497,Manial,3,0.2
9498,Helwan,1,4.4
9499,Sheikh Zayed,4,1.3
9500,Giza,4,6.6
9501,Nasr City,5,9.9
9502,6th of October,1,8.0
9503,Helwan,2,3.2
9504,Manial,1,6.2
9505,Rehab,1,9.0
9506,Downtown,3,3.3
9507,Zamalek,5,8.4
9508,Dokki,4,0.7
9509,Zamalek,1,8.6
9510,Giza,4,6.5
9511,New Cairo,2,3.3
9512,Agouza,2,7.5
9513,Dokki,2,0.4
9514,Shubra,4,4.9
9515,Ain Shams,5,5.9
9516,Dokki,5,1.8
9517,Garden City,5,3.5
9518,Agouza,3,3.9
9519,Zamalek,5,1.0
9520,Mohandessin,5,7.8
9521,Manial,2,6.8
9522,6th of October,2,7.9
9523,Downtown,3,2.9
9524,Ain Shams,2,0.1
9525,Mohandessin,3,5.2
9526,Mohandessin,3,4.2
9527,5th Settlement,5,6.8
9528,Garden City,3,2.4
9529,Helwan,1,2.2
9530,Sheikh Zayed,4,9.4
9531,Manial,3,4.4
9532,Sheikh Zayed,4,7.3
9533,Helwan,3,7.8
9534,Garden City,5,1.8
9535,Manial,2,1.8
9536,Giza,1,5.6
9537,Mohandessin,3,4.6
9538,Nasr City,5,8.2
9539,Dokki,5,8.6
9540,Sheikh Zayed,5,6.4
9541,Manial,3,9.9
9542,Madinaty,1,8.8
9543,Ain Shams,5,2.6
9544,Ain Shams,3,8.7
9545,Giza,5,3.3
9546,Madinaty,4,1.1
9547,New Cairo,4,3.3
9548,5th Settlement,5,1.3
9549,Maadi,5,2.1
9550,Giza,3,8.0
9551,Sheikh Zayed,4,1.5
9552,New Cairo,3,2.2
9553,Manial,4,7.4
9554,Sheikh Zayed,4,6.7
9555,Agouza,5,4.4
9556,New Cairo,4,6.2
9557,Heliopolis,4,0.3
9558,Nasr City,4,7.0
9559,Zamalek,3,5.9
9560,Zamalek,1,6.3
9561,Mohandessin,5,0.4
9562,Rehab,1,2.7
9563,Madinaty,3,3.4
9564,Giza,1,4.2
9565,Zamalek,5,6.6
9566,Ain Shams,1,7.3
9567,Shubra,4,6.9
9568,New Cairo,5,6.7
9569,Dokki,2,8.9
9570,Mohandessin,3,2.9
9571,Ain Shams,5,6.1
9572,Nasr City,3,5.2
9573,Nasr City,3,3.3
9574,Ain Shams,5,7.8
9575,Garden City,4,7.9
9576,Maadi,2,3.5
9577,New Cairo,2,8.3
9578,Ain Shams,1,8.0
9579,5th Settlement,5,4.8
9580,Giza,4,1.8
9581,Maadi,2,1.3
9582,Garden City,5,3.4
9583,Madinaty,4,3.3
9584,Shubra,3,7.5
9585,Zamalek,4,5.2
9586,Garden City,5,7.6
9587,Agouza,2,6.5
9588,Ain Shams,5,7.6
9589,Shubra,2,8.7
9590,Helwan,2,3.3
9591,Zamalek,1,0.3
9592,Downtown,4,7.7
9593,Shubra,5,5.5
9594,Manial,2,3.4
9595,6th of October,5,0.1
9596,Downtown,4,8.6
9597,Sheikh Zayed,4,4.7
9598,Maadi,2,7.6
9599,Ain Shams,2,3.9
9600,Mohandessin,4,0.6
9601,6th of October,3,2.2
9602,Manial,3,2.2
9603,Manial,4,4.1
9604,Garden City,2,7.5
9605,Zamalek,2,1.1
9606,Helwan,4,2.0
9607,Zamalek,4,6.8
9608,Maadi,4,7.2
9609,Heliopolis,4,8.8
9610,Helwan,4,3.1
9611,Ain Shams,2,4.7
9612,Downtown,4,6.8
9613,Shubra,4,2.5
9614,Maadi,5,5.4
9615,5th Settlement,5,6.2
9616,Madinaty,3,4.9
9617,Helwan,5,7.9
9618,6th of October,2,2.8
9619,Sheikh Zayed,3,9.4
9620,Helwan,2,1.5
9621,Rehab,3,4.5
9622,Nasr City,2,8.8
9623,Rehab,4,4.8
9624,6th of October,1,5.6
9625,Downtown,1,2.7
9626,Madinaty,4,9.6
9627,Zamalek,3,4.7
9628,Helwan,2,6.0
9629,Zamalek,3,3.1
9630,Mohandessin,2,7.6
9631,Agouza,1,0.7
9632,Maadi,5,7.9
9633,Maadi,4,8.5
9634,Helwan,5,3.8
9635,6th of October,3,1.6
9636,Sheikh Zayed,3,3.5
9637,Ain Shams,3,6.6
9638,Dokki,2,2.5
9639,Downtown,4,8.7
9640,Maadi,1,4.4
9641,Maadi,3,8.6
9642,Agouza,1,4.7
9643,Garden City,3,0.8
9644,Helwan,4,5.9
9645,Manial,5,0.9
9646,Agouza,4,5.1
9647,Zamalek,1,8.4
9648,Giza,5,5.5
9649,Rehab,3,2.2
9650,Zamalek,3,4.1
9651,Madinaty,4,7.3
9652,Zamalek,5,4.3
9653,Ain Shams,5,6.5
9654,Nasr City,3,4.9
9655,Agouza,4,7.2
9656,Shubra,5,4.1
9657,Manial,1,8.9
9658,Downtown,3,7.4
9659,Manial,5,4.1
9660,Sheikh Zayed,5,3.8
9661,Dokki,2,0.8
9662,Nasr City,2,6.9
9663,Dokki,4,5.8
9664,6th of October,1,4.3
9665,Madinaty,2,3.2
9666,Ain Shams,2,6.3
9667,Zamalek,3,9.2
9668,Zamalek,2,0.6
9669,5th Settlement,4,8.8
9670,6th of October,4,3.8
9671,Garden City,2,3.1
9672,Zamalek,3,5.6
9673,Sheikh Zayed,3,4.6
9674,Rehab,3,1.8
9675,Downtown,1,8.7
9676,Manial,3,2.0
9677,Nasr City,2,2.9
9678,Garden City,5,9.2
9679,Garden City,3,4.9
9680,5th Settlement,4,9.9
9681,Madinaty,4,4.2
9682,Mohandessin,1,3.1
9683,Helwan,1,9.7
9684,Mohandessin,1,5.1
9685,Sheikh Zayed,3,1.5
9686,Ain Shams,3,2.0
9687,Zamalek,3,5.4
9688,Manial,5,2.2
9689,Helwan,2,7.8
9690,Madinaty,5,7.0
9691,Giza,5,6.1
9692,Maadi,5,8.1
9693,Zamalek,2,5.3
9694,5th Settlement,4,9.7
9695,Sheikh Zayed,1,3.4
9696,Helwan,5,3.8
9697,5th Settlement,2,1.9
9698,Heliopolis,5,9.4
9699,5th Settlement,5,2.3
9700,Maadi,1,1.0
9701,5th Settlement,1,9.9
9702,Shubra,2,8.2
9703,Manial,2,2.7
9704,Dokki,1,3.2
9705,Helwan,5,6.9
9706,Garden City,1,4.7
9707,Heliopolis,2,8.4
9708,Giza,2,0.7
9709,Mohandessin,3,4.8
9710,Zamalek,3,1.0
9711,Zamalek,2,7.3
9712,Giza,3,2.6
9713,Maadi,1,3.7
9714,Maadi,2,3.3
9715,6th of October,3,0.7
9716,Rehab,5,0.2
9717,Heliopolis,1,1.0
9718,Ain Shams,3,6.2
9719,6th of October,3,6.2
9720,Ain Shams,4,3.3
9721,6th of October,3,2.5
9722,6th of October,1,9.9
9723,Dokki,5,7.9
9724,Downtown,4,6.0
9725,Manial,3,9.4
9726,Maadi,4,3.5
9727,Zamalek,5,3.1
9728,Heliopolis,1,9.2
9729,Heliopolis,4,4.3
9730,Shubra,5,9.8
9731,Maadi,5,1.0
9732,Dokki,3,6.4
9733,Heliopolis,4,1.4
9734,Ain Shams,5,5.4
9735,Downtown,1,9.3
9736,Madinaty,3,6.4
9737,Shubra,2,9.3
9738,Shubra,5,6.5
9739,Shubra,2,5.7
9740,Mohandessin,3,0.4
9741,Zamalek,1,5.0
9742,Agouza,2,0.2
9743,Helwan,4,1.5
9744,Downtown,5,1.4
9745,Maadi,2,6.3
9746,Nasr City,1,1.7
9747,Rehab,3,9.6
9748,Manial,4,5.6
9749,New Cairo,2,7.4
9750,Heliopolis,2,5.6
9751,Zamalek,3,6.1
9752,Maadi,3,3.4
9753,Sheikh Zayed,1,6.8
9754,Downtown,5,7.1
9755,Shubra,1,4.1
9756,Nasr City,2,3.0
9757,Dokki,3,7.9
9758,Helwan,3,0.2
9759,New Cairo,4,8.9
9760,Shubra,5,9.6
9761,Maadi,5,9.7
9762,Zamalek,5,0.3
9763,Agouza,5,9.7
9764,Shubra,3,3.4
9765,Heliopolis,4,2.1
9766,Helwan,4,3.4
9767,Garden City,5,8.1
9768,Sheikh Zayed,5,5.6
9769,Rehab,4,9.3
9770,Manial,5,3.5
9771,Zamalek,2,8.3
9772,Maadi,4,4.0
9773,Downtown,5,6.5
9774,Zamalek,1,0.3
9775,Mohandessin,5,8.0
9776,New Cairo,4,3.9
9777,New Cairo,4,8.3
9778,Zamalek,5,9.0
9779,Mohandessin,5,6.2
9780,Giza,1,0.3
9781,New Cairo,5,7.6
9782,Giza,2,5.9
9783,Agouza,3,5.6
9784,Agouza,1,3.1
9785,Agouza,1,2.7
9786,Garden City,3,9.6
9787,5th Settlement,2,4.5
9788,Zamalek,4,5.9
9789,Maadi,5,4.8
9790,Garden City,2,3.4
9791,Shubra,4,6.6
9792,5th Settlement,3,0.2
9793,Sheikh Zayed,4,8.7
9794,Sheikh Zayed,4,8.2
9795,Giza,4,8.4
9796,Downtown,5,6.9
9797,Helwan,5,8.9
9798,Dokki,5,6.7
9799,5th Settlement,1,9.1
9800,Heliopolis,5,7.6
9801,Garden City,3,2.3
9802,Ain Shams,5,2.2
9803,Ain Shams,5,5.2
9804,Ain Shams,4,7.3
9805,Madinaty,5,9.1
9806,Shubra,3,0.3
9807,5th Settlement,2,3.3
9808,New Cairo,3,4.8
9809,Agouza,4,5.8
9810,Zamalek,2,3.4
9811,Mohandessin,1,3.6
9812,Giza,3,9.4
9813,Giza,5,6.9
9814,Sheikh Zayed,5,6.3
9815,5th Settlement,4,4.9
9816,Zamalek,1,9.7
9817,6th of October,5,7.1
9818,Dokki,4,3.9
9819,Heliopolis,1,4.5
9820,Manial,4,7.9
9821,Giza,2,4.3
9822,Ain Shams,3,2.8
9823,Zamalek,3,7.9
9824,Ain Shams,3,7.8
9825,Manial,4,8.9
9826,Manial,4,4.5
9827,Nasr City,1,2.5
9828,Mohandessin,3,5.7
9829,Dokki,1,7.4
9830,Shubra,2,8.4
9831,Zamalek,3,8.4
9832,Downtown,2,5.8
9833,Downtown,2,9.2
9834,5th Settlement,2,5.3
9835,Manial,2,3.1
9836,Ain Shams,5,4.8
9837,Sheikh Zayed,3,0.6
9838,Maadi,1,4.4
9839,Sheikh Zayed,1,8.1
9840,Mohandessin,2,2.8
9841,5th Settlement,1,9.1
9842,Giza,2,0.8
9843,Garden City,3,4.4
9844,Sheikh Zayed,4,8.0
9845,Madinaty,1,4.1
9846,Giza,3,9.3
9847,Nasr City,3,2.8
9848,Downtown,4,2.5
9849,Ain Shams,4,0.5
9850,Shubra,2,8.6
9851,Maadi,3,5.0
9852,Shubra,3,7.5
9853,Zamalek,1,6.3
9854,Downtown,5,6.0
9855,Helwan,4,8.2
9856,Downtown,5,4.5
9857,Maadi,2,3.7
9858,Helwan,3,9.8
9859,Mohandessin,5,7.3
9860,Nasr City,4,2.5
9861,Giza,5,4.6
9862,Dokki,4,1.5
9863,New Cairo,2,1.9
9864,Helwan,4,9.4
9865,Sheikh Zayed,3,4.8
9866,Shubra,1,3.0
9867,Manial,1,4.5
9868,Giza,1,8.3
9869,Agouza,5,6.7
9870,Manial,5,9.4
9871,Madinaty,3,0.7
9872,Downtown,5,3.8
9873,New Cairo,3,6.8
9874,6th of October,5,1.1
9875,Giza,2,7.8
9876,Ain Shams,3,6.8
9877,Dokki,5,6.2
9878,Garden City,5,7.6
9879,Giza,5,7.8
9880,Rehab,4,4.8
9881,Shubra,3,4.4
9882,Maadi,4,5.9
9883,Giza,3,0.3
9884,New Cairo,2,7.3
9885,6th of October,2,6.4
9886,Ain Shams,5,9.8
9887,Madinaty,1,4.8
9888,Ain Shams,5,3.4
9889,Downtown,1,1.8
9890,New Cairo,5,8.3
9891,Maadi,4,8.6
9892,Garden City,3,4.1
9893,Helwan,2,8.7
9894,Rehab,4,3.7
9895,Maadi,1,1.3
9896,Giza,3,1.2
9897,Garden City,3,4.7
9898,New Cairo,2,6.2
9899,New Cairo,5,6.7
9900,Dokki,3,4.9
9901,Rehab,5,9.4
9902,New Cairo,1,3.4
9903,New Cairo,4,2.3
9904,Shubra,5,3.2
9905,Helwan,4,3.4
9906,Giza,2,2.2
9907,Downtown,5,2.5
9908,Helwan,3,3.7
9909,Agouza,3,5.6
9910,Manial,3,4.9
9911,Helwan,5,8.3
9912,Ain Shams,4,1.1
9913,Sheikh Zayed,3,0.5
9914,Heliopolis,2,6.3
9915,Garden City,2,4.2
9916,6th of October,4,7.4
9917,Nasr City,4,0.1
9918,Shubra,5,1.1
9919,Rehab,1,10.0
9920,Madinaty,5,2.6
9921,Garden City,3,4.9
9922,Helwan,3,1.3
9923,Maadi,5,5.8
9924,Madinaty,3,7.2
9925,Shubra,1,3.8
9926,Nasr City,2,1.3
9927,Shubra,1,6.1
9928,Rehab,3,0.3
9929,Nasr City,1,6.2
9930,Rehab,1,7.6
9931,Rehab,5,9.4
9932,New Cairo,5,7.9
9933,5th Settlement,4,0.4
9934,Dokki,5,7.0
9935,Heliopolis,4,3.2
9936,Downtown,1,9.0
9937,Helwan,5,7.5
9938,Garden City,5,8.1
9939,Agouza,4,7.7
9940,Garden City,3,4.5
9941,Ain Shams,4,10.0
9942,Helwan,3,10.0
9943,Manial,4,7.1
9944,Maadi,4,0.6
9945,5th Settlement,5,1.4
9946,Zamalek,2,2.2
9947,Helwan,1,2.4
9948,Manial,1,7.6
9949,Mohandessin,1,0.8
9950,6th of October,2,6.1
9951,6th of October,5,5.0
9952,Shubra,2,2.3
9953,Agouza,4,3.2
9954,Zamalek,3,4.5
9955,Nasr City,2,5.2
9956,Nasr City,1,7.1
9957,Garden City,3,9.2
9958,Ain Shams,3,7.8
9959,Downtown,4,5.7
9960,Sheikh Zayed,2,8.3
9961,Giza,2,9.7
9962,Ain Shams,2,9.5
9963,Madinaty,5,9.0
9964,Zamalek,2,9.5
9965,Sheikh Zayed,4,8.9
9966,Agouza,1,4.3
9967,Downtown,2,1.0
9968,Dokki,1,9.6
9969,Dokki,3,2.7
9970,Shubra,1,8.7
9971,Agouza,4,9.2
9972,5th Settlement,5,7.9
9973,Downtown,3,8.1
9974,6th of October,4,8.1
9975,Giza,4,9.8
9976,New Cairo,4,9.6
9977,Mohandessin,2,9.2
9978,Giza,3,3.8
9979,Zamalek,1,2.9
9980,5th Settlement,3,5.3
9981,Shubra,4,0.9
9982,Nasr City,3,2.0
9983,Mohandessin,5,1.5
9984,5th Settlement,1,8.3
9985,Mohandessin,4,6.9
9986,Ain Shams,5,8.4
9987,Heliopolis,5,3.1
9988,New Cairo,4,7.8
9989,New Cairo,4,9.4
9990,Dokki,1,6.7
9991,New Cairo,5,9.5
9992,Garden City,3,2.5
9993,Maadi,1,2.7
9994,Rehab,2,1.2
9995,Shubra,1,5.5
9996,Sheikh Zayed,4,2.0
9997,Shubra,3,8.8
9998,Madinaty,1,4.7
9999,Nasr City,4,7.3
10000,Madinaty,4,6.6
